A_id,Size,Weight,Sweetness,Crunchiness,Juiciness,Ripeness,Acidity,Quality
0,-3.970048523,-2.512336381,5.346329613,-1.012008712,1.844900361,0.329839797,-0.491590483,good
1,-1.195217191,-2.839256528,3.664058758,1.588232309,0.853285795,0.867530082,-0.722809367,good
2,-0.292023862,-1.351281995,-1.738429162,-0.342615928,2.838635512,-0.038033328,2.621636473,bad
3,-0.657195773,-2.271626609,1.324873847,-0.097874716,3.637970491,-3.413761338,0.790723217,good
4,1.36421682,-1.296611877,-0.384658206,-0.55300577,3.030874354,-1.303849429,0.501984036,good
5,-3.425399755,-1.409082204,-1.913511195,-0.555774864,-3.85307147,1.914615916,-2.981523169,bad
6,1.331605736,1.635955715,0.875974244,-1.67779794,3.106344455,-1.847416733,2.414170509,good
7,-1.995462096,-0.42895848,1.530643583,-0.742971676,0.158834003,0.974437858,-1.470125066,good
8,-3.867632233,-3.734513576,0.986429067,-1.20765455,2.292872919,4.080920787,-4.871904758,bad
9,-0.727982709,-0.442820353,-4.092222827,0.597512917,0.393714261,1.620856772,2.185607723,bad
10,-2.69933629,-1.329506988,-1.418506853,-0.625545768,2.371074371,3.403164523,-2.810808169,bad
11,2.450959845,-0.564177407,-1.635040727,0.942399869,-2.08731667,1.214321691,1.294323927,good
12,-0.170811719,-1.867271142,-1.771844728,2.413155317,-3.094554738,-0.624884375,-2.076113997,bad
13,-1.345530536,-1.623701121,2.044143754,1.754812932,0.997567093,0.434179855,1.724026084,good
14,2.839580937,-0.344798192,-1.019797291,0.894580857,-1.300060883,0.58237862,1.709708209,good
15,-2.659887385,-2.795684208,4.230403587,0.697550395,2.180911101,-0.088775396,-1.083620788,good
16,-1.468951547,-1.950359588,-2.214372889,0.909758509,2.864448854,3.965955655,-0.558208683,bad
17,-0.074370177,-4.714749953,0.249767641,2.935319065,1.4097551,-2.643810206,1.250970347,good
18,-0.302364267,1.724395847,-2.442337223,3.465108479,0.449791675,-0.074362452,2.493781985,bad
19,-2.108049899,0.356467403,-1.156193279,4.326722517,1.561543116,-4.630174264,-1.37665721,good
20,-2.334589505,-2.943708903,-3.452627724,0.76239173,4.076462369,6.346445353,0.726775672,bad
21,1.177592782,-0.721654493,-1.387116215,7.619851801,1.069288382,-3.734805414,2.642948241,good
22,-2.423946222,-0.698500653,0.146030407,0.630106169,2.990560508,0.779472898,3.184188187,bad
23,0.135714199,-0.753756857,-2.196146456,1.039276088,0.580537553,0.227308777,2.086618541,bad
24,0.522960759,-1.428085244,-0.743518743,1.786716194,-4.207543546,-1.825231216,-1.430429857,bad
25,-1.299468393,-3.504792012,-1.129402004,0.555905383,-2.807550163,1.714630108,-3.846641823,bad
26,-0.300698281,-0.513603251,0.921006242,1.378172075,2.274746687,0.745336375,-2.93402889,good
27,1.999830964,0.669989798,-2.099615991,2.645818971,-0.989495892,0.373330128,-2.397691796,bad
28,1.44605205,1.656691823,-1.77752075,1.708962209,-0.341670322,-1.322439494,-1.158128067,bad
29,-0.595825477,1.53467991,-1.769318974,0.664501835,-0.432874451,0.800438687,1.64595436,bad
30,0.41049215,-2.260290059,-3.335948019,-0.285205194,-2.733844264,2.585985706,-3.036919711,bad
31,-2.560871547,-0.096411696,2.413774105,1.318293666,3.271688133,-1.797184556,-2.636844815,good
32,1.681662618,-2.981673805,-0.079805091,-0.947866387,3.034812556,-0.708611234,1.166970737,good
33,-0.588796035,-1.121987147,2.324295089,0.31193071,5.148739416,-3.351988405,5.560108693,bad
34,-0.034367939,-1.332805096,2.329101271,2.862758897,0.825239311,1.062672091,2.300330525,good
35,-0.955402343,-2.461096775,-4.087156169,0.839107617,1.003216188,4.97563997,-0.98138767,bad
36,-3.061165273,0.837103637,-1.076638228,1.524738013,1.764140258,-0.05647271,-1.495112616,good
37,3.948113709,-1.634183083,-4.773780118,1.9316313,0.790539691,1.583097197,-2.478055932,good
38,-1.796718509,-3.469227293,3.685436759,-0.164140623,1.32029846,1.480109529,-2.292964433,good
39,1.286737909,-2.429524527,0.956133102,1.477542241,4.786375676,-3.382357404,2.519346925,good
40,1.196545025,-1.448104291,-0.921516758,2.005491286,0.404741482,-0.700778848,1.071129708,bad
41,-0.354190342,-2.024042534,1.36698489,3.233616169,0.992668519,1.525608545,2.740924761,good
42,-1.53860666,-2.747844387,1.844950057,0.491249069,-0.425815521,1.25976818,-1.680924092,bad
43,0.807854104,0.752707011,0.179226346,1.451582185,-1.611859169,-2.776274958,0.184905607,bad
44,3.930361392,2.754406492,-2.667949537,1.428248173,0.092761232,1.095793658,2.627274158,good
45,0.03347095,-0.044160963,-0.481202468,4.937209505,-0.609872897,-3.231504027,1.248791791,good
46,-0.487366694,-0.768805325,-0.779231515,2.025256619,1.477926984,0.267788073,-4.454570173,good
47,-1.387990181,2.738510761,-2.349216852,0.953438489,1.860715718,2.317309906,3.097818375,bad
48,-3.328571498,0.652576936,-1.424402957,0.727385379,1.576921347,2.57780352,0.650677868,bad
49,-1.107060152,2.261198229,-2.635197022,0.882264783,-0.02399536,2.218099369,2.865048371,bad
50,-2.938616815,0.524454917,0.802257441,-1.475930881,-0.336348939,1.43064807,-2.298875523,good
51,-0.411307683,-1.758595285,-2.213864776,-0.149535258,1.576184296,0.929197409,1.416983091,bad
52,1.343763324,-2.514417138,-3.461538942,3.841154192,0.280515139,-0.025436811,0.85622891,good
53,1.205450296,-1.783508474,0.652683061,2.442983435,1.34691458,1.115062157,-1.198656978,good
54,3.010344278,-3.423028629,-3.110977964,-1.543044507,3.567608188,1.696232599,0.445840404,good
55,2.032797084,-0.641021365,-2.409689916,2.936128289,1.675484552,-0.904588536,2.287350346,good
56,1.822657318,-0.545617297,-0.367820835,0.252983288,-0.789107409,2.135911779,-3.343955801,good
57,1.098486821,-1.020374176,1.211131183,1.260177674,-1.029902705,2.622737988,2.662547829,good
58,-0.479883026,-0.079195404,-0.843547042,3.049567607,3.663838119,-0.365698656,-1.473537531,good
59,0.833097732,0.449713632,-1.638548868,-0.63133803,2.830906373,-0.668860377,1.049428799,good
60,-3.464155339,1.352111148,0.458025722,0.892746743,3.129818456,-1.74467453,-2.204610725,good
61,-4.67414092,0.797045882,-0.897212669,-1.393983171,0.492129797,3.201707789,-0.58628671,bad
62,-3.341493048,-1.355556544,1.433646684,1.722356677,0.112911807,0.68878842,1.619183695,bad
63,0.455312607,-2.382895446,-0.83742965,-2.36617514,-0.276460122,0.852335249,-0.031126053,good
64,-2.236188121,-1.174561063,1.482703478,-0.277161056,1.497598428,1.075731385,-0.936970586,good
65,-3.567897971,1.043742178,2.563399581,0.437276711,1.678518225,-5.313838222,2.071983608,good
66,-2.188932795,2.131754258,0.260841291,3.886048374,-3.196263115,-3.560593877,0.089512941,good
67,-1.569763886,1.059864965,1.518880096,1.666096276,3.068931353,-1.48035112,2.769458608,bad
68,-1.129060897,-0.257836171,-1.942238912,-0.020934662,-0.724138915,2.662111019,-0.112472887,bad
69,-0.399608624,-3.198174574,-1.250639262,2.909277682,-2.314037098,-0.231112054,-3.029392365,bad
70,0.610132436,-3.460818667,1.336759306,0.387451504,-0.136781229,2.988645551,-2.044768947,bad
71,2.354402289,-2.660270254,2.615415905,-3.291210248,4.604454116,-1.240117421,3.689580857,good
72,0.562851227,-1.827989146,-4.622243679,-0.32573547,2.578804915,2.481541376,1.152768549,bad
73,0.039413688,-1.137430244,0.477732329,1.656480571,-3.256232026,-0.503584221,0.528698798,bad
74,-2.159610389,-1.295959495,-1.732435214,0.080724492,-1.95961421,2.723039718,-1.47788311,bad
75,2.160591551,-1.608127507,-3.149539978,1.354258442,2.169308776,0.561455393,1.466043609,good
76,2.249782051,1.30681125,-3.362142903,-3.292343017,1.536373323,2.322693886,0.171703758,good
77,0.913367079,0.238227626,-0.86645313,0.411078967,0.777247078,-0.690557676,0.269081521,bad
78,-2.178068955,0.711060019,-2.723528183,-0.79461916,1.371632238,2.661669238,-1.43801903,bad
79,-2.1674624,-1.72966774,1.292344082,2.343027022,0.313248004,-0.90759004,-1.78744711,bad
80,1.906895248,-0.286557035,-0.642276275,-0.909686603,0.56727051,0.447676716,2.331284997,good
81,-2.451373743,-2.460445365,3.310559586,1.100072267,1.667256216,-0.01057985,-0.908360248,good
82,2.355047056,-0.805007082,-4.046869242,-0.621273549,2.721016877,1.403612449,-1.735117708,bad
83,1.41034947,-6.235107041,0.60667877,2.781526465,0.188419279,-1.655568486,1.787465613,good
84,1.75626858,-2.078246123,-1.347003072,1.570705713,0.205594839,3.33230319,-0.159879504,good
85,-0.490313544,-2.693594239,-2.262928126,1.408218703,0.894130314,4.097052626,-1.192975776,bad
86,1.889651879,-1.234884586,-2.003226871,1.618220275,0.360724332,2.712213587,0.124914362,good
87,0.523551092,-0.785293429,0.307177459,-0.773882387,1.220446256,-1.329702358,1.355485212,good
88,-1.44761768,-0.40082252,-2.015819355,0.519147662,0.92156357,2.63835347,-0.52902919,bad
89,1.288315468,0.118324055,-2.03989032,1.254207548,0.421780581,0.273822524,0.064352175,bad
90,0.516948121,0.643780506,-2.752877948,1.265938234,0.714290184,1.041064133,-2.967415983,good
91,-0.629540613,-1.16111198,-0.33009969,0.930469883,2.087489482,0.369549864,-4.560905342,good
92,-0.691713124,-2.431340292,-0.909663545,2.428320647,0.242079363,2.313575569,1.285942944,bad
93,-2.090430519,-2.261319641,3.822713915,-0.512140853,0.660595132,0.663423371,-1.714085315,good
94,0.097397568,-2.090139656,-5.018889094,0.173397255,1.524662353,5.278448329,-1.700396069,bad
95,1.372602617,-0.81619118,-1.138033248,1.948956568,-0.222231916,-0.561915322,1.65215817,good
96,-0.618111889,-2.131703542,-1.580025186,-0.195316309,3.625676756,3.259309401,-1.633641993,bad
97,1.80336603,-0.976044046,-1.54691943,0.926305296,3.13968117,-0.683222706,3.401455383,good
98,-0.201342768,0.579131757,-2.126035342,3.129284882,-4.401848909,-0.552627575,-2.249965831,good
99,-1.159324283,0.723172074,-0.040253594,-0.748296452,0.677957479,1.25184885,-2.146023387,good
100,-1.581378996,-0.759501459,0.135359641,1.881819633,1.998052361,0.729362217,0.286883321,good
101,-1.111426668,-2.084750358,2.519879958,0.918003904,1.377124216,0.937208835,-0.894186563,good
102,-1.921823652,-3.481362426,0.441475743,1.777523431,-0.283584197,0.82291936,-3.504485228,bad
103,-1.96733108,0.77615106,0.271438354,0.695994122,2.157869261,-0.070030044,-1.521261721,good
104,-1.572555914,-0.009042436,1.969436236,1.884461994,0.977655875,-0.655248809,2.127518998,bad
105,-0.426619219,-1.436843963,-0.660813891,-0.560818317,-1.871932248,1.269263936,-1.751339472,bad
106,-0.725181296,-1.447133711,1.840994287,3.086182479,2.229221836,0.555091226,3.040761752,good
107,1.307057369,-2.355362326,-1.47080157,-1.043470187,1.835902543,0.113930514,-0.055333999,good
108,0.137097813,-3.035084729,-0.440600718,1.444977828,-3.824202947,0.85011358,-1.611571284,bad
109,1.646001232,-3.027517619,0.250956223,0.965901296,-1.553907902,2.084908726,-0.474934654,bad
110,1.438906462,-1.219056994,-0.337509507,-0.394803416,-1.117118275,3.082653988,-1.746685633,good
111,-1.213074179,-0.24908012,-0.002478363,2.509596721,1.498529064,0.755573897,-0.362616748,good
112,1.051510414,-4.311975447,-1.399048336,-2.791214794,4.268753723,0.501451971,1.61098811,good
113,-2.030890826,-1.642489803,-0.557159577,0.481269904,1.198923061,-0.083993546,5.381199793,bad
114,-1.712198696,-2.529664978,-2.066911436,0.443358568,3.54650754,1.021727292,5.170171939,bad
115,0.104978369,-1.600940028,-0.787057496,2.34568665,2.323311417,0.530314357,1.789687083,bad
116,-1.051734165,-3.067908145,-2.904858823,-0.622345331,3.705094866,3.241975298,0.639425812,bad
117,-1.447494934,-1.136977946,-0.836801233,1.932464027,-1.512099553,0.801874172,2.669102823,bad
118,-3.010134336,1.548268357,-0.568293032,0.209247169,2.317043914,-1.242233911,-2.727464441,good
119,-0.591987065,-2.618652027,-1.073478951,1.114681034,-2.536374537,1.75475805,-1.660639485,bad
120,-3.835874261,-0.838795598,1.412859983,2.251267651,-0.343720948,0.946562081,1.66131914,bad
121,-0.776404994,-0.116796706,-1.813091624,1.241549833,-0.577928389,1.3258787,0.224019932,bad
122,-3.202902826,-0.849827194,-1.106207159,0.473819325,-0.023440485,2.356287012,-1.590747921,bad
123,0.695632239,-1.669059782,-1.442125181,2.189043678,-2.767055359,0.764050341,-0.12163975,bad
124,0.089707401,-2.249989911,-2.673620318,2.762214054,0.035969561,-0.903596811,-1.456133779,good
125,-2.229105842,-1.097255857,3.589921649,0.140221663,1.563118086,-0.161918178,-1.335152047,good
126,-2.245482916,-0.047701365,0.250696269,0.771605049,2.243000186,-0.687586724,3.378856539,bad
127,-3.715530466,0.002641572,1.683646065,0.094039461,3.192435018,-1.013795897,4.43608798,bad
128,-2.454612376,-0.386469591,-1.073484764,0.914051503,1.925401868,2.438000463,0.338913734,bad
129,-1.162845918,-1.416945478,0.440112947,2.653944392,-0.095678282,-0.95044423,3.145872884,bad
130,-3.423662708,-1.835010061,0.79489908,-0.557657446,4.606234531,0.177582667,3.766012647,bad
131,1.74387082,1.632728712,-1.279297479,2.758798983,-2.420213906,-0.214932142,2.064118217,good
132,-2.267533079,-0.995608169,2.254678222,-0.620752464,-0.772808023,1.336250891,-0.320548874,good
133,4.420781942,-2.547671341,-1.756285833,0.901810165,-0.41284149,1.987165436,1.613529813,good
134,0.132455297,-3.037876516,-2.464537418,1.619229919,0.300120344,2.110550784,-3.408117425,bad
135,1.482288925,-0.107158332,-0.746690054,-0.561767309,2.996683488,-0.907478278,2.288403252,good
136,0.019720454,-0.591226131,-1.739235973,0.001208279,0.695052559,-0.018453271,1.307264909,bad
137,0.263844265,-2.896271718,-0.157614476,-0.184619255,-2.848897253,0.40465954,-3.04217039,bad
138,-0.820988945,0.934444962,-1.336150538,2.18383263,0.632514819,1.420930219,2.434754044,good
139,0.031054092,0.563083299,0.380777887,1.308722315,0.317110162,0.435548896,-2.336331708,good
140,1.096306694,-2.511438246,-3.217207284,1.956905463,-1.502347429,2.892814192,-0.946008716,bad
141,-2.5046086,-3.10825316,-1.138621602,1.002183537,-2.206212956,1.81162049,-3.692780634,bad
142,1.259488062,-0.557897892,-2.578773172,-0.488970287,2.581218915,-0.232605116,0.489466669,bad
143,-1.081714895,-0.128446068,0.092911562,2.23528499,-0.550942521,0.300268219,0.638823121,bad
144,-1.117420987,-1.379325233,-1.274428562,0.484136657,1.478881722,1.372509488,1.721389057,bad
145,-3.570020052,-1.557671942,0.397887599,0.287215334,4.264960529,1.046411866,4.21395771,bad
146,1.348563992,-2.629308349,0.688814575,4.579679142,3.793939947,0.178613673,-0.414499767,good
147,-1.528953268,-2.205766019,2.315552145,1.345569372,3.644528254,-0.297462663,-2.386929328,good
148,1.460308911,1.892238181,-1.421187896,-0.421416349,0.514115397,0.231571255,3.38751734,good
149,0.375263094,-1.445870732,-1.181046758,2.601463324,2.827291819,1.732763933,1.60008799,good
150,1.187548188,-3.488738179,-0.024981539,1.056351322,2.167240994,-1.40784869,1.191130833,good
151,-2.462903545,-0.56298005,-2.128611939,2.105099597,-3.970096582,0.642830033,-0.268954307,bad
152,0.192116931,1.363093766,-0.10482675,-1.511940374,-0.659624142,2.737156973,-0.187720712,good
153,-3.807691336,0.218192462,1.47690846,-0.015662125,3.141111879,0.216348362,3.133728152,bad
154,-1.686955832,-2.204779193,0.521074661,0.700608712,-1.900296944,0.541469431,-2.179682618,bad
155,-3.918492,-0.289518756,2.678073186,-1.298396226,0.766755063,0.360116105,-2.206017085,good
156,1.949866355,-0.78061046,-3.134467206,0.115946901,0.418511509,-1.729952765,1.378138082,bad
157,-1.875731895,-1.104573125,0.106934755,2.808359421,-2.198678855,1.81962532,0.099814677,bad
158,0.471148646,-1.879177608,-3.945108574,0.457821962,1.827044676,2.926514012,0.151744842,bad
159,0.008339314,-0.258309041,-0.589022384,2.216558601,2.347407105,-0.439727813,-4.797638853,good
160,-3.023822478,-0.847654554,-3.926479139,0.630642487,-3.392707898,4.042267742,-0.760862459,bad
161,3.256911049,0.976144038,-0.403344001,6.2978733,-4.283277957,-5.864598918,3.499264098,bad
162,0.60095618,-1.304680848,0.785337141,1.77135522,1.123839658,1.413786932,2.347861337,good
163,1.360929382,-0.96968507,-2.874481807,0.905055776,-0.131909036,0.135906234,1.612088232,bad
164,-1.338021204,-0.414034255,-1.038987796,2.193987982,0.339238297,2.055288914,-0.240021926,bad
165,-0.348624748,1.836154471,-0.191222937,3.549381795,-0.850150689,-3.651885426,1.656620737,bad
166,-0.915869276,-2.117531246,-0.722324515,2.038503324,-1.550706333,2.45530978,-2.058734686,bad
167,0.648402541,-0.597957787,-0.348551625,1.205653487,0.685866506,2.032251339,-2.212947993,good
168,2.21434852,-0.029326384,-1.643311119,3.375367909,-0.310931919,-0.733331668,1.010299062,good
169,-2.165809285,-2.176449345,2.300174059,-0.551487323,-0.902726119,2.76263541,-2.031178367,good
170,0.892740511,-2.570260056,0.686402779,2.202009135,-0.332587693,-1.84103477,1.402970488,good
171,-2.628903261,-2.051180555,-1.242758926,0.028318851,-0.47431424,1.340058514,2.258237957,bad
172,-0.125752474,0.024644668,0.003255809,1.456974463,-0.178901872,2.083774003,-0.131763548,good
173,-0.784981331,-2.564694602,-2.836161957,1.629181923,-0.846003106,5.548138248,-2.178990218,bad
174,0.268229651,-1.157147229,2.571969295,-0.329584616,-1.242081671,2.226250142,3.04163101,good
175,-3.005490261,-0.487316731,2.24018426,-0.952809122,1.930097417,-0.252653951,-2.337145932,bad
176,1.68387841,-2.242187311,2.246057204,1.356224587,-1.252226707,-1.720518508,-0.961003564,bad
177,-1.080276744,1.244658574,1.21506728,-0.812246149,-0.062306598,-0.277077972,-1.977000824,good
178,-3.075078731,-1.516497512,-1.668607355,0.17190714,1.103576195,3.378228149,-0.001593958,bad
179,0.443371969,-2.637919054,0.319253124,2.622455078,2.551202269,1.188443399,-1.01323595,good
180,2.181240068,-2.280900032,0.471697078,2.992732794,-0.991189052,2.617760127,2.560803351,good
181,-1.618411896,-2.896226814,3.299581555,1.411916324,1.359808992,0.900346665,0.157979193,good
182,-2.555517069,-0.517085125,-0.931773343,-1.083535822,0.638363982,3.299071102,-1.136878191,bad
183,-2.456224718,-1.300668395,1.90372355,-0.329152285,0.640678341,0.325072927,-2.568301692,good
184,-4.968508091,-0.814306344,-0.481642861,1.81428028,1.347888899,3.772846884,1.951705686,bad
185,-0.307073326,-1.550695072,-4.76534958,-1.648888502,4.753762729,2.603039417,2.597690447,bad
186,-1.62359989,1.667150674,-1.004611802,-0.173799019,-2.276911981,0.91422704,2.056639697,bad
187,-2.743304348,-1.214042748,-1.989254772,-0.650297674,-0.495183534,3.849168921,-1.865832708,bad
188,-2.65336393,-1.616297644,2.625948508,0.195550555,2.423620841,-0.194978796,-3.940779763,good
189,-2.684927932,-1.374554151,1.014252339,-0.083819478,1.661636915,2.814118944,-0.765000312,bad
190,-0.433011417,-1.473763868,1.062339037,0.988938696,0.219544502,2.118380707,0.924712224,good
191,2.924428979,-0.928250862,-4.66314002,-0.547998692,2.730188913,1.898161594,-0.237263801,good
192,-1.711440159,0.620783857,-0.733591501,-0.351416416,-1.095210862,1.754156022,0.859773406,bad
193,-2.133101288,-0.739687703,-0.748786782,0.474687947,1.771861564,1.257156655,0.260288653,bad
194,-2.937618954,-0.707787835,1.111767952,0.697300735,0.991532995,0.388504227,0.848923139,bad
195,1.30099058,-1.285592981,0.443454862,1.216461107,0.411152616,-3.548540692,4.169748166,bad
196,-0.815840338,-0.301607054,-0.001498001,-0.384303701,-1.081998656,2.344492477,-0.493978613,good
197,-1.674179974,0.396477028,1.075878215,1.092842357,1.384085548,-0.199555485,-0.404406676,bad
198,-1.776972339,-1.877025092,-0.698024434,-0.246476001,2.475935508,0.0818841,5.011310465,bad
199,-3.976937188,-1.876774175,-0.103705872,1.482253754,-0.416406564,1.765280919,2.718979289,bad
200,-1.193551717,-1.484548885,-1.682801417,-0.255826272,1.888296732,1.369561333,1.640197921,bad
201,-4.389864451,0.185576339,2.327504128,0.949380586,2.207851054,0.288004605,3.761634732,bad
202,1.10364773,-3.016143154,2.019128766,1.746410622,2.761662424,-3.302013877,2.874555906,good
203,-2.840872316,0.358602795,-3.130451219,-0.184855661,-0.047626658,4.057415096,-0.157130678,bad
204,0.237405908,-0.743632082,1.892783174,1.366006813,1.26545143,1.023981506,1.095010268,good
205,0.099322411,-2.018287273,-1.592637735,2.015768102,-1.482077353,0.86335326,-1.710943166,bad
206,-4.32795266,-0.870679378,-0.254843673,0.357468703,3.327595177,2.483676106,1.795992671,bad
207,4.490970426,-0.329475368,-1.274028186,3.159289343,4.450735119,-2.135571344,0.268904126,good
208,0.944946387,-3.321490816,2.967918114,0.078198691,-0.965456653,2.648436337,-0.502763647,good
209,-0.96138762,-1.260524287,-3.246894069,-0.754798811,-0.243771259,4.2425723,-2.15334928,bad
210,-0.663819761,-0.801457205,0.024577009,3.526233012,1.78173561,1.010057321,0.9389107,good
211,-0.062355088,-1.324635095,-1.782416628,-0.346282538,-0.937751568,0.863851426,-2.835235275,bad
212,2.350002523,-3.968238891,-1.101896158,-2.52426432,1.596184873,1.786295441,2.141838373,good
213,-0.592137016,-0.062311514,-0.523055298,2.13743587,3.075803941,-0.347275147,-3.045678368,good
214,-1.12376402,-1.662628406,3.388158228,2.151275882,1.799548828,-1.995137818,-1.484347485,bad
215,2.611908541,-0.922059236,-2.196896271,3.533210216,-0.921278112,-0.015431999,1.617889109,good
216,-0.458837875,-0.936624637,-0.802757694,1.559549736,0.16766578,1.917121565,-0.348891561,good
217,1.566665946,0.868559307,-0.044273458,-0.716642918,1.768542663,-0.872781355,2.684720448,good
218,0.098974981,-1.534063659,-0.40387881,3.183796452,0.13800971,-2.544187232,0.28020656,good
219,-0.271070252,-2.515852845,2.342917722,0.699965346,0.356715611,1.941893883,-1.652992023,good
220,0.305715131,-0.481595147,-0.114756951,2.181975514,3.879569217,-3.675563415,1.76244588,good
221,1.759646182,1.687754544,-1.54410097,-1.89445092,-0.808630725,1.416235265,0.837999604,good
222,0.546615891,-0.900337395,-1.019420475,2.548862598,0.569765188,-1.564120354,1.913664613,good
223,-0.511163804,-1.647558803,2.070183589,-3.127340177,3.447141281,-2.435723268,1.182446876,good
224,0.62483913,-0.786826053,0.907733248,-0.350257037,0.653573382,-1.480451415,2.569365201,good
225,-2.002139587,-2.625820278,-0.908798685,-1.780175222,1.197048603,3.678592367,-4.434327674,bad
226,0.585207822,-1.480399294,-1.530431723,1.59253166,0.2212905,-0.046626258,1.508887162,bad
227,-1.052877902,-3.290994071,-4.056301117,-0.709076386,-3.598392202,2.095930648,-6.46098926,bad
228,-1.784148948,-1.101581555,0.703585651,4.190644903,2.960538584,0.014368442,1.13433461,good
229,-1.244296851,0.248019952,-0.23055755,1.667680996,-2.818316838,-1.965340223,-0.24524675,bad
230,-1.286279883,1.105420521,-3.156926835,1.973857598,0.223007322,1.442712771,0.814293361,bad
231,-2.619934121,-2.222209762,3.210162135,3.198226854,4.005136612,-0.869893384,-0.630160574,good
232,-0.049213489,0.006223973,-0.564329536,1.539068935,2.351554598,-2.511339401,1.41309275,good
233,1.29829612,-0.333265511,-1.853063716,-0.055402475,3.748343007,-1.126858125,-0.486259057,bad
234,-1.50483579,-0.60984849,-1.535147411,1.821917704,-1.006640427,2.052719703,0.53068575,bad
235,-4.988465994,-0.190696332,3.451440068,-0.75969263,1.726144265,-0.085910578,-1.854692443,good
236,-2.343340236,-0.618778362,-0.454250555,1.197642013,1.102016695,2.853788827,0.675495193,bad
237,0.124122406,-1.248310169,-0.763911942,1.885789289,-1.160479836,0.645470205,-0.251871449,bad
238,3.062485208,-0.168910991,-1.458126528,3.228027575,-1.221682748,-1.766620523,1.123206738,bad
239,-0.903390631,-0.006481297,-1.85797724,1.905665353,-1.323631982,-0.237555458,-0.635232848,bad
240,-2.279311704,-2.127285795,-1.056731488,1.487951085,1.48048431,2.653676335,2.66212605,bad
241,-2.217366179,-1.667909956,3.010118131,1.283279647,1.421265031,-2.214285605,3.758296168,bad
242,-0.026485744,-0.799181452,-3.372003186,3.223286509,-1.319326728,0.30100296,-0.816365227,bad
243,-4.572620612,0.100533955,1.58402999,-0.55268722,-0.677374932,1.379152541,0.142473791,bad
244,-2.757155815,0.781496878,3.330263276,0.231805943,3.293237578,-4.661244484,7.404736238,bad
245,2.509374487,-3.113597384,-2.800003752,2.152582008,-1.289594648,1.091546428,-1.022113594,good
246,0.55052261,-0.255666433,-0.569824672,-0.502992458,-1.605193925,2.963923204,0.128325002,good
247,-1.513436965,5.149000297,-0.392046791,3.678058525,-1.582198284,-3.871147542,0.91807892,good
248,0.113810852,-1.507470826,-2.051591429,0.42305814,1.314811985,1.935011984,-1.098326042,bad
249,-2.038784803,-1.097247988,0.533116796,2.483399249,2.832299983,0.333690419,-0.43079891,good
250,-4.401879009,-1.880835494,-0.18552821,-1.155767962,1.51741081,2.435939123,-4.663497109,bad
251,5.189624452,-0.38035204,0.674040928,2.711903317,4.226954898,-2.08801203,3.67749718,good
252,0.09677995,-0.619040449,1.372660497,-1.551754788,-1.48809087,1.913225169,-2.730679347,good
253,-3.13692093,0.2039136,2.312981364,4.400781555,-4.786378547,1.181213418,-1.445193398,bad
254,-0.845554468,1.63692121,-1.39745862,0.20748258,-2.826069911,-0.210229378,0.196019372,good
255,1.215343488,0.454075004,-0.910714666,2.839160662,-1.286710751,-1.302087805,0.340237631,good
256,-4.441796745,-1.308166634,-0.644851723,1.030750207,0.743742159,3.012145933,-1.552642907,bad
257,-2.438136709,3.603286079,-3.994267383,-0.399099705,0.810791317,0.813200326,-1.674314414,good
258,-1.616073734,-0.19620202,-2.145537289,0.024236485,1.767860033,-1.738779359,-0.985096387,good
259,-1.220395543,0.727752497,0.500212481,0.941042704,1.720316779,-1.422646164,0.866285324,bad
260,1.864510528,0.565854676,-1.239821336,-0.460607286,-3.684070281,3.531425966,-0.079761693,good
261,-2.745177613,-1.104988878,1.263666254,0.992078101,0.327276517,-0.581333882,3.152707213,bad
262,3.144834853,-0.618456338,-1.888859712,-2.318441345,1.988406405,2.171236392,3.441841889,good
263,-0.888109498,0.019708233,-1.147750073,0.062864978,0.485839444,1.332188644,-0.531192355,bad
264,0.177787063,-1.12985596,-0.274235386,3.291357335,-3.403600982,-1.136174689,0.699819954,bad
265,0.778343934,0.750074063,-2.106503891,0.250449703,1.194048352,-0.297126623,1.338008142,bad
266,-1.660132024,-0.926467905,-0.124129835,1.83162166,0.257862793,0.619933397,2.541203984,bad
267,0.391502374,-2.231925032,-4.272946199,-0.252954061,1.472741626,2.700868622,0.236001317,bad
268,-1.552466494,-1.353629812,0.298420776,-0.168358839,0.833207548,3.279510221,-0.153170021,bad
269,0.470464106,0.286850275,1.31702559,4.680727621,-3.137041244,-4.619622802,2.193147335,bad
270,0.410513623,-1.073639887,0.217295221,1.095006769,-1.446178928,2.216869264,0.727058624,good
271,-1.029416816,-0.315372479,1.824449963,1.232133947,0.215069127,-2.693922826,2.099729971,bad
272,-3.179262441,-0.88467347,0.775792358,-0.109996168,3.815630366,0.42134604,2.157909715,bad
273,-0.284107695,-1.754920326,1.174448898,2.289448917,1.288249759,1.153113388,0.398870457,good
274,2.484381003,-1.389177574,-1.437494455,1.100872692,-1.444003721,0.938352619,1.490174669,good
275,2.683861892,-4.700917185,1.40041866,1.346969161,-1.304076421,4.611424426,0.692202456,good
276,-6.129668144,4.738226808,0.25347735,-1.393228031,1.964849465,-3.41088064,-5.015263697,good
277,-2.592618507,-0.264751368,0.600961775,-0.352739735,2.683771227,-0.698221403,2.476740123,bad
278,-2.263612351,2.126844821,-1.563018693,-1.675057199,0.025071265,1.927114045,0.764295402,bad
279,-0.560748733,-0.157070531,-1.695140995,0.454258111,1.54203353,0.351700673,1.822181262,bad
280,1.407604717,-1.27403814,-3.740198128,0.637889095,1.148405803,1.561490156,-0.060036533,bad
281,-0.443086638,-2.352052331,-1.479476129,1.066032559,-0.939353154,1.619963836,-2.420080801,bad
282,-5.173834525,-0.832567425,3.814078611,-1.137651477,1.297219261,-0.634693097,-1.394846266,good
283,3.66109756,-2.309110531,-2.734424094,3.635042845,0.37611387,3.827175636,0.026171935,good
284,0.624366027,-3.762935912,-1.629942509,1.238799086,-0.401241677,0.129116588,0.383299126,good
285,-0.441543324,-2.207321539,-2.668634637,0.778623519,0.189522048,3.35459343,0.409553081,bad
286,-5.499852228,-1.750756276,-0.640523136,0.407010888,-1.606883355,1.974734162,-3.077340152,bad
287,-4.252103364,-1.352355773,1.092130849,1.571333506,-2.322761166,2.433554673,-0.046495034,bad
288,-1.96409995,-1.402303207,3.562095299,0.391376977,-0.84401949,1.855761818,3.551641608,good
289,0.489450916,0.377926104,-2.884146172,0.50974013,-0.167083939,2.295174418,0.427387406,bad
290,-3.219872985,0.375194492,1.64994671,1.482105062,1.0462769,-2.201671562,4.04329901,bad
291,-0.886137099,-1.125871684,-0.291209868,2.596016198,1.279572658,1.261763337,0.328405811,good
292,-1.30518441,-1.107092549,2.470143354,2.11895625,1.762891673,-0.022296931,0.807895795,good
293,-2.625174664,-0.572031397,1.609901562,0.995255654,0.318017061,-1.18468912,2.201416622,bad
294,0.49702766,-4.501008255,-0.720715327,3.177121982,2.53614682,-2.032103415,3.350155927,good
295,0.591232458,-0.001954662,1.195557933,1.804635255,-0.309608856,-0.344142716,2.280094899,bad
296,-1.415645615,-0.948497907,-0.63834242,1.537135066,1.631884351,0.143543317,3.256333414,bad
297,-3.853828776,-1.86823305,1.41524288,1.591272878,-0.062191189,2.390216064,1.798356068,bad
298,1.137548388,-0.312700661,-1.40331843,0.531703456,-0.584180107,-2.711620839,2.720059239,bad
299,-3.000021563,-0.47420736,1.690253883,1.534788299,1.615527086,-0.55376742,0.051771594,good
300,-2.69058317,-1.314308368,0.67625093,-0.041387321,-0.074872594,1.530247544,-1.818450848,good
301,0.660365183,0.658653258,-0.974905706,2.124386339,0.562971319,-1.735898312,1.333438049,good
302,0.969600354,-3.873654979,1.370101547,2.435082107,0.35564807,3.217242733,2.43431229,good
303,2.668150812,-3.916033867,-0.074912656,-0.712558109,1.17774678,0.093916719,-0.328378522,good
304,-3.273573184,-1.254338354,2.682546001,1.222556044,1.141515565,-0.728922858,4.472115939,bad
305,-1.772238544,0.446927461,-1.533814526,2.003013093,3.603647172,-0.452172972,-3.646472989,good
306,-2.254441392,-0.181272307,-0.374981186,-0.641099132,3.268848089,-1.137355411,3.739759196,bad
307,-2.663491728,-2.791736765,-1.968158211,0.220643916,1.706019629,3.889013696,2.720284244,bad
308,1.635803171,-0.234380763,-2.304228608,1.610400036,-1.097213746,-0.193123435,-0.172241138,bad
309,-0.376044811,-1.442831171,-0.870774069,1.296598915,-0.213573588,0.989835097,-1.428807471,bad
310,1.648924474,1.892232711,1.23609355,0.766091055,3.402389029,-2.486629556,6.008854208,good
311,-2.994520746,-0.240734541,1.273841102,-0.143859163,2.207347624,0.181570915,-1.072446111,good
312,-4.83261116,-2.361072369,4.950822862,-1.838886555,1.058911133,0.202572918,-2.171343633,good
313,-1.628097854,1.296939726,-0.107772851,0.869939501,3.019096498,0.456299527,0.594901098,bad
314,-2.10659447,1.017836215,2.23646938,2.272230155,-1.373828907,-2.231717303,1.313860721,bad
315,3.096340475,-3.111850827,-4.337573445,2.325209001,2.258373221,1.142289198,0.013357278,good
316,-0.425371533,1.238848345,-1.335193504,1.940137118,1.96648374,0.104978381,-1.922671396,good
317,-4.244443842,0.599377262,4.469807043,1.92080172,-1.350803998,-3.690634295,4.288667532,bad
318,-1.938235165,-2.488360249,-0.85981132,0.812293755,-2.253887188,1.480428729,-2.957553958,bad
319,-2.228778607,-1.034194946,0.921878168,-0.161100226,2.694175463,-0.803583773,2.316583272,bad
320,-0.686679583,-3.020882327,-0.399128476,2.902398068,2.594570107,-3.42290737,0.468330323,good
321,-0.071526396,-0.298655096,-2.200538846,1.683788192,-1.506103295,0.155929658,-0.779829007,bad
322,2.646115435,-0.449973403,-4.573946451,-0.045237912,3.849044966,1.139323078,-0.488345281,bad
323,-3.285803375,1.184246206,-2.015927409,0.57063152,2.056602881,3.359629787,0.931078465,bad
324,4.524771537,-0.524202989,-3.870149321,3.056191989,0.058291732,1.012686692,-1.231954325,good
325,-0.213847524,-2.515762071,2.83923853,2.741098977,1.001383887,1.325265593,2.914469166,good
326,-1.392686038,1.319073307,0.623623509,3.57094008,-1.589461558,0.202748799,-0.491652551,bad
327,3.98495812,-1.634193596,-1.989253497,0.348185924,1.886651029,1.285180255,2.767157405,good
328,3.038895908,-2.665843657,-1.490830721,2.806737521,3.200184447,-1.194293931,1.686512224,good
329,1.392728812,-1.563115483,-5.029715705,-0.14982309,-0.171401568,2.74581834,-0.551683935,bad
330,-0.828548862,-1.253255499,1.294462681,0.621825762,1.471996878,0.877483573,-1.129854827,good
331,2.664537422,0.504150991,-1.317787397,-2.817909514,-1.205372552,2.674730324,3.09905486,good
332,0.597812187,0.076424922,-0.111258912,0.804401457,1.382899595,-2.404551641,3.453014147,bad
333,-1.904318739,-1.998720664,0.949570545,1.572483221,-2.15011756,-0.628305308,-1.781651819,bad
334,-4.034219774,-1.245914635,2.591351332,-0.146699184,1.295986743,0.677541169,-0.953286976,good
335,1.418063913,-0.159779787,0.137654618,0.626105755,-1.481343665,-1.945741032,-0.689292785,bad
336,-3.077603673,-3.069404205,5.094382126,2.112990558,2.133635175,-1.193377992,-1.956538847,good
337,-1.011533364,2.308288623,1.705463379,3.094887359,1.411367191,-5.199662915,2.621552305,good
338,-0.87259228,-2.754289686,0.683718341,2.650368226,-2.916745613,-1.274902334,-2.144244362,bad
339,-1.615191188,-2.47213566,-0.250066831,1.041213094,0.917951837,-0.45919294,4.940053725,bad
340,-0.178849168,-1.147030406,-1.048319535,-0.146477856,0.97949551,2.940134809,-0.66938657,bad
341,2.864333172,0.66264498,-4.804556719,2.48318455,-3.939295979,2.492595082,-2.701406904,good
342,1.084148863,-1.526277726,-1.475093451,0.230183632,-0.108019227,-0.045308695,0.085050081,good
343,1.666744021,-1.52838265,-2.04521337,0.890557595,2.444052796,-0.304369855,2.065728297,good
344,0.576112177,-1.698590959,1.234964242,0.411287211,2.901578614,-2.715170794,2.191859787,good
345,0.58577637,-2.261525765,-0.154649279,1.064846737,2.478165855,-1.889778033,2.586432022,good
346,1.800185608,-2.595862443,-3.423895789,1.328441238,-0.835875327,1.481459955,0.994854424,good
347,-1.107686442,0.419847179,-0.784379937,0.489854092,4.140065941,2.333638481,-1.815198368,bad
348,1.769986727,0.772538265,0.649892696,0.665294954,-0.768161622,-0.889425792,2.648944119,good
349,1.236065726,-2.088223392,0.561290826,-1.729237552,-0.820016612,3.170189091,-4.041148175,good
350,-2.600329309,-1.290502036,2.448420348,1.437260011,2.872859896,-0.854529922,-1.102217986,good
351,3.795331116,-5.103104469,1.502398169,1.327884139,-2.311153278,5.553256265,2.733986236,good
352,1.27449636,-2.511492325,0.382559723,2.715172739,-0.288362936,2.283241726,1.501072134,good
353,-0.847851439,-1.182027874,0.27140538,0.582182652,2.343851175,-0.522942389,2.145083279,bad
354,0.697413744,-2.102824858,-0.104777111,-2.75950978,3.835418965,-0.531325325,1.525044452,good
355,-4.902445625,-0.665739714,2.699210099,1.728527493,1.32193595,1.074921259,1.611813638,bad
356,1.117341779,-2.983135483,0.463419934,3.000766306,-0.642555958,0.465851117,-0.55847561,bad
357,1.041915557,1.363517928,1.402426931,2.640953361,-1.372456858,-2.626018574,3.43973372,bad
358,-3.013393813,-0.505787282,-0.65196241,-0.707823136,-1.204646365,4.024826274,0.339436235,bad
359,-2.252408848,-2.923768893,-0.622918038,0.191839018,-2.615010091,1.274305092,-3.976483633,bad
360,-2.438665553,-3.50468229,-2.409751844,-1.344681502,4.407302202,3.386602502,2.165801374,bad
361,3.632166776,-1.284282394,-2.141628184,0.495085579,2.477553365,0.499045553,1.837355596,good
362,-1.643084037,-0.471080702,0.222911476,1.877629312,2.469552966,-0.021494123,-2.398270661,good
363,0.94380087,-0.879667109,-1.774053278,3.478484629,-0.254345217,-1.358062477,1.281925544,good
364,0.262497862,-1.685705263,0.338691867,1.081434391,-0.995296191,-0.902954829,3.725729501,bad
365,-4.767311233,-0.245717716,-1.88996933,-0.116624071,2.042416985,1.975791616,-3.7252244,bad
366,-0.276054846,0.218411546,-3.955650594,0.888880804,0.546417056,0.033951672,-0.70466805,good
367,3.284414316,-4.159538202,-2.26108475,0.159527227,-0.861255751,2.510889581,1.39885364,good
368,-3.420203667,1.145895432,0.445298637,-0.019282419,2.839288162,-0.56097811,-3.201853102,good
369,1.244042851,-2.465734534,-3.887529546,2.233804426,-0.618174838,0.838172887,-1.570153891,good
370,1.469421344,-1.341061775,1.450817239,1.748870042,2.422876473,-3.065933713,2.157878307,good
371,-2.485168696,-1.009283719,-4.66095149,0.47823593,-1.340586966,4.170449393,-2.090361332,bad
372,-2.118078341,-2.560854822,-0.797106992,0.323211965,-0.52711028,3.086747997,-2.520334223,bad
373,-0.972952656,1.926233331,-0.979577311,-1.134247362,0.510836697,-1.417999466,-0.101724645,good
374,-2.493402775,-1.816875871,2.048086823,1.240325732,1.958967468,0.473075429,-0.600034154,good
375,2.130866128,-1.050049577,-0.182559512,0.948857184,2.78388718,-1.198078716,3.654805327,good
376,-1.210442904,-0.713919725,-0.40248465,2.033803971,0.533503547,1.075882717,0.329818384,bad
377,1.824193746,-3.037112401,-0.40800985,3.245619895,1.558216249,2.832982388,0.585740646,good
378,1.90951554,-1.365334295,-1.402893985,2.654201306,0.650170585,2.652619687,-0.493836065,good
379,-1.662667189,-2.982720337,-1.86060211,-0.495122056,3.31819954,1.943128773,2.564829402,bad
380,-1.564101199,1.202662349,-1.646536712,-0.906797933,-0.366069758,2.660875744,1.117163222,bad
381,-2.782130988,-1.381875325,0.169552902,0.821836718,-0.49949771,-0.795837355,4.989297317,bad
382,-1.390267541,-1.577905177,0.559460349,2.620815689,3.360118267,0.044143092,-2.586663686,good
383,1.004702069,-4.521360136,-0.506152982,1.477988099,2.24658432,-1.523423649,-0.693510247,good
384,-0.104860164,-1.219418433,-1.117414971,2.734317645,-1.376994015,-1.910942852,-2.292075129,good
385,2.316934752,-1.765646756,-3.142249372,-0.896767346,1.303792751,1.672411791,-0.964795146,good
386,-1.577719764,-0.951959373,-0.268934164,-0.226795132,2.031646643,-0.612471296,2.148967097,bad
387,-0.630823511,0.25416303,-1.466816837,1.240220984,1.638016968,1.538249008,-1.242029527,bad
388,1.455947385,-0.481695767,-2.50231376,2.682689065,-1.734331273,0.079200653,-0.838856348,good
389,-1.722539295,-1.760806138,1.941921651,0.593022747,-0.045434962,-1.490277265,3.782451601,bad
390,-0.153110977,-2.489734041,-2.194768088,-0.590088534,3.560605401,1.828832509,0.205756573,bad
391,-2.708543939,-0.979013043,-2.106232861,1.467754573,-1.546060521,0.296080721,-2.589555547,bad
392,0.490259358,-0.285924292,2.282679716,-0.09953192,-0.034051628,-2.245436972,2.124385261,good
393,-4.561322305,2.126360339,-3.325207918,-1.062219818,2.928190087,4.126126894,-0.609772001,bad
394,-2.258040786,-1.917480134,1.804333022,0.052867324,-3.268090827,-0.780899877,-2.395380818,bad
395,-0.05648831,0.557703588,-0.496449891,1.292458723,-0.807030471,-0.116164037,-1.517382368,bad
396,2.825907603,-1.11932847,-1.648692426,0.958924069,0.436684639,0.644316961,1.601038247,good
397,0.481356292,-0.140110818,-2.940686361,3.603661679,-3.465855278,2.215774651,-0.856561122,bad
398,0.780136136,-1.562170681,0.86788733,3.27917014,3.136769659,0.853513595,-0.117891307,good
399,-1.037014436,2.611286502,-2.975672075,0.409859466,-0.583967206,3.587746764,4.405949342,bad
400,-1.455035126,-0.094436686,-1.810406774,0.631183733,2.116621914,-2.282721694,-1.590347457,good
401,1.259489608,-0.154944028,-2.828254735,2.609970506,1.198980781,-0.754083304,0.108348642,good
402,1.324477928,1.716616374,-0.970105325,-1.087421365,-0.47895952,0.242746815,0.149530447,good
403,-1.122360942,-0.755385226,-0.938569856,0.462277508,1.779085817,0.853567834,1.291181186,bad
404,-3.894363922,-0.928452096,-0.354897427,0.804823296,2.426173524,3.119413155,0.872470725,bad
405,0.773148531,-1.002034226,-0.572641404,0.655668609,-0.577256351,-0.665251625,0.247923104,good
406,1.108970953,0.034656646,1.013509588,-0.134653708,3.024652363,-2.096181368,3.411549677,good
407,0.805328794,-0.377444111,-0.302493264,1.718357761,-2.685612001,-2.047090187,-0.250708498,bad
408,1.896323161,-3.14453754,-0.399112413,2.174079598,1.037055511,3.469888038,-0.315721218,good
409,-1.456216537,1.715472496,-1.754080472,0.622814372,-0.237515854,0.169501857,0.819827005,bad
410,-0.408477449,-1.150193475,-3.031133799,0.843984736,-2.318130839,2.477412639,-1.101446241,bad
411,-1.317609398,-1.80564189,2.862508115,-0.458129706,2.058752762,2.308895924,-0.287477036,bad
412,-0.704063089,-5.227086631,4.445394901,3.243946735,1.186647212,2.484259278,3.065090038,good
413,-0.81683573,-1.668458727,-1.354103421,0.472745092,1.822812177,1.508653413,-3.093184992,bad
414,0.305225922,0.23307268,-2.442724653,1.55017963,-1.834622528,0.512185085,0.386518491,bad
415,-3.377510864,0.246022018,-0.528357309,1.419743975,0.453681622,2.867812469,-1.568007387,bad
416,0.279686453,2.005893012,-0.589727705,0.634173498,-0.06161884,-1.285656252,1.282263396,good
417,3.850328161,2.174361026,1.590183834,0.74911099,1.432184459,-1.270216706,5.000494671,good
418,0.054952846,-1.096447834,0.731995421,2.030833012,-2.081122279,0.374895979,1.526001912,bad
419,0.734479064,-4.943761505,-0.926083011,0.108163347,5.198245939,-1.521292426,1.445026966,good
420,-0.580186446,-2.573039872,1.363673742,1.053468649,0.487122307,1.5894238,-0.791927318,bad
421,-2.588233615,0.934418582,-2.318100746,-1.908756552,0.648554435,4.485687247,0.194094541,bad
422,2.93879071,-1.121275859,-1.807941805,4.249886826,0.994183411,1.979786735,0.926895465,good
423,-0.166096708,0.385633008,-1.102875412,0.473801502,0.325482818,0.983244135,-2.171938158,good
424,-3.626599054,-0.536980854,2.875551727,-1.097685055,1.001765267,-0.074554126,-2.06921183,good
425,-0.709644702,0.521759391,0.647328544,3.998073823,-1.611974437,0.827410931,-0.181237683,bad
426,-0.43954322,0.184891577,0.266969477,0.964484169,1.268815123,0.301062723,-1.944981661,good
427,-0.093429399,-1.016890236,0.623616861,1.810386625,1.157313932,-3.368184311,-0.721931929,good
428,2.791326663,-3.678377608,-0.640794571,4.096314776,1.493495485,2.792151965,2.190118648,good
429,-2.827003934,1.098000879,0.087768461,0.248250958,1.584206574,-0.645972021,-4.29224041,good
430,0.159317311,0.415764441,-5.070890926,2.744768625,-3.594718524,2.335183835,1.976318514,bad
431,-1.025057261,0.950649206,0.477779572,0.750320689,-1.667553035,-0.782701244,-1.750282866,bad
432,-2.073596468,-0.61720748,-0.283296192,0.260547199,2.310436497,0.614734636,-0.518849651,bad
433,2.06599092,-4.283584344,1.76361441,2.736813553,1.257980097,2.935003244,2.686067904,good
434,1.222096386,0.303504841,-1.982635477,0.965516707,0.819295466,-1.363117743,-0.145661877,bad
435,0.071200656,-3.021763247,-2.432415933,2.649502477,-2.987988388,-0.543399449,-3.933729069,bad
436,1.380597244,0.725324698,-0.457332075,1.641108289,3.023877548,-2.302734908,3.557674731,good
437,-0.306895676,-0.589711476,0.196903416,1.303502111,0.01103504,-0.443880755,-0.622331787,bad
438,0.71795021,-2.854197295,0.131556699,0.982122298,-3.703554308,-1.018045348,-2.920186182,bad
439,-1.353415925,0.095966961,-2.329803018,2.519162172,-3.172246292,-0.438285708,-0.009153027,bad
440,-1.30482878,-0.273041385,-0.525761308,1.791983925,1.041625112,0.214153898,-0.731351697,good
441,-0.874152709,-2.635009936,-0.840066474,2.754217591,-4.90106902,-0.155717331,-1.290563234,bad
442,-1.768985907,-0.338156799,0.815394537,-0.435690131,3.506835034,-0.749377068,-4.42166643,good
443,0.217790779,0.380548321,-0.449453049,2.318266697,1.960640895,0.083800264,0.032101352,good
444,0.494240895,1.961831847,1.436750426,-0.428752932,0.946643561,-1.989349761,3.496943154,good
445,-0.879061908,0.330725451,-0.253714396,1.771869032,0.765023954,-2.885655074,0.382914269,good
446,-1.510845223,-2.030308101,-0.186089363,2.121947968,0.256776594,1.00940039,3.189154084,bad
447,-2.15160088,-1.995759059,0.810727484,2.090931162,3.266108533,-0.206899599,-1.966063033,good
448,-2.589398833,-1.424490895,-4.390652197,0.867853308,-0.138382531,4.138384523,-2.80256109,bad
449,2.249778955,-2.909620114,0.20515974,2.608040794,-1.7618446,-1.562021251,-1.963420629,bad
450,-3.114177922,-1.882415042,2.279911173,1.91003937,2.99087721,0.513323299,2.050011062,good
451,-2.394312987,-2.843008792,1.176567539,-0.693392544,0.400813315,2.699625485,-2.85697803,bad
452,-0.832412053,-0.154411201,-0.035737468,-0.323484269,1.222646356,1.347506838,-1.73329254,good
453,1.506043973,-0.240398567,-1.936911507,0.815988633,1.119179331,-0.00404402,2.59971145,good
454,-1.344076104,-2.598472175,3.039253076,0.477874088,0.301253737,1.253182274,0.019317439,good
455,0.258368004,-4.14234656,3.572643351,-0.748074511,-1.057461064,3.672093013,1.163699508,good
456,-0.141585523,2.091738887,-2.431368322,1.498578364,-1.071765003,2.290815025,1.12172416,good
457,-1.210003555,-2.270447735,-0.879412219,1.409105891,-4.924983202,1.131312427,-0.837065778,bad
458,-2.680209022,1.281069733,-0.160349543,1.496198062,2.906890303,-1.64590763,-2.334378234,good
459,-0.569351473,-1.66973733,-2.315087657,0.574799056,3.653551725,1.778912315,1.999641554,bad
460,-0.447992051,-0.15917642,-0.397702071,2.068555528,-1.224156944,-0.400727964,0.495203413,bad
461,-0.107114559,1.360180126,-0.262722863,1.430869724,2.112507809,-2.750042627,1.954562057,good
462,-3.820327014,0.737890287,1.40228473,-1.026727144,2.101236315,-0.333243731,-1.29240429,good
463,0.134901811,-1.395711062,0.115701855,1.77915574,0.005765309,2.654754645,2.482959627,good
464,-1.687141135,0.219057539,-0.394602733,0.03177683,-0.269905726,-0.635328608,-1.756110692,bad
465,0.860114522,-2.553857103,-0.137817542,4.25728969,-0.791552681,-2.399829141,-0.069879417,good
466,-1.003934111,-2.909208337,-0.503052237,1.649892305,2.448246715,-2.526101324,1.414178188,good
467,-0.790198577,-1.33600731,1.68211791,0.450123165,-1.445588512,1.603864129,-1.385460542,good
468,-0.061262291,0.406682903,1.51989603,1.534523118,-2.75464088,-1.243214879,2.573280752,bad
469,-3.157804963,-1.790544603,1.532856947,0.145359245,2.537521097,0.804340631,1.692455508,bad
470,-0.579963162,-1.688371485,-1.740917921,1.677975952,-0.202937394,-1.135713823,0.228479052,good
471,0.628771905,-0.63439058,-2.046147451,1.270401229,-2.293381573,1.179184768,0.405925967,bad
472,0.436420445,1.604372589,-1.556147076,1.325437655,-3.244895954,-0.33343149,-1.791648302,good
473,0.448986399,-1.878035663,-0.506964876,1.520233325,-4.22895702,-0.369207123,-0.801235143,bad
474,1.728200791,1.787493586,-1.431247665,0.160493336,0.188754032,-0.010727553,2.308864383,good
475,-0.703772379,-4.655303034,-0.298769916,0.367104897,-2.208138433,2.344150376,-4.232944485,bad
476,2.388190755,-1.951286879,-1.000915808,0.991465748,0.473925364,3.192945889,-1.037023221,good
477,-2.548002967,-0.856293673,-0.921999293,0.947152819,1.356728496,2.916870027,0.404912999,bad
478,2.556180439,-0.231462656,-1.600317988,-0.756676311,1.869900191,0.3048304,0.450070766,good
479,1.602586992,-1.420063463,-0.598390106,0.836843768,-0.769142685,3.079575162,0.985013262,good
480,1.765902051,-1.664634383,-0.562926908,2.492599401,1.866013682,1.500279072,-1.13294028,good
481,2.04116895,-0.711503013,0.077358837,1.156978455,-1.447730578,3.035293274,2.466289385,good
482,-0.433133928,1.160083648,-2.86300395,1.749072808,0.916485829,1.723569349,1.386487028,good
483,0.481432072,-3.028141906,-1.226663007,2.706391965,-0.004012364,-1.45507945,0.744692034,good
484,-5.179142697,3.285301301,-0.510329259,1.481673851,3.731720347,-2.844017502,-2.312430431,good
485,0.072605807,-0.259472135,-2.665919512,0.10286239,-1.871710685,1.327608189,-1.010206942,bad
486,-1.715865191,-1.358110131,-0.692590268,0.96165294,2.959096382,2.923618275,-0.43826909,bad
487,-4.57472641,0.195993417,3.770370286,1.464653121,2.75028225,-2.540249044,-1.800760146,good
488,-2.76378678,0.832855282,1.147808931,1.660157474,0.554733007,-0.666507202,2.279462306,bad
489,0.772798805,1.54118035,-2.732458717,1.440223409,0.282460292,0.874259008,1.950120377,bad
490,-1.74197681,-1.200882179,-2.208693225,-0.198475594,-2.452568574,2.159957533,-2.081906248,bad
491,-0.209517839,0.874575959,-2.954284491,3.103598524,-0.599038939,-1.187980813,-0.306520094,good
492,0.990579958,-4.01980832,1.437710907,4.068800405,3.314193713,1.130544985,0.753302007,good
493,0.186932101,0.120942322,-1.521099023,0.740063478,0.495512004,-1.263133589,-0.980073421,good
494,-2.025038956,0.617574842,-2.354572134,0.55135742,1.62299779,2.483067602,-0.155858708,bad
495,-2.64400586,1.474866821,0.145269775,1.171240437,1.541119082,-0.945204885,-2.856544619,good
496,-3.285537403,-1.763022467,3.429297137,1.069039088,2.831556267,-1.1943597,-1.919457867,good
497,-2.863054129,-0.858381637,1.943438984,-0.340979675,2.701861335,-0.045718268,-3.121961293,good
498,-1.874776941,1.5769107,-0.691253224,-0.309358882,-0.917596489,1.490390515,-1.041618262,good
,,,,,,,,
,,,,,,,,
,,,,,,,,
,,,,,,,,
,,,,,,,,
,,,,,,,,
,,,,,,,,
,,,,,,,,
,,,,,,,,
,,,,,,,,
,,,,,,,,
,,,,,,,,
,,,,,,,,
,,,,,,,,
,,,,,,,,
,,,,,,,,
,,,,,,,,
,,,,,,,,
,,,,,,,,
,,,,,,,,
,,,,,,,,
,,,,,,,,
,,,,,,,,
,,,,,,,,
,,,,,,,,
,,,,,,,,
,,,,,,,,
,,,,,,,,
,,,,,,,,
,,,,,,,,
,,,,,,,,
,,,,,,,,
,,,,,,,,
,,,,,,,,
,,,,,,,,
,,,,,,,,
,,,,,,,,
,,,,,,,,
,,,,,,,,
,,,,,,,,
,,,,,,,,
,,,,,,,,
,,,,,,,,
,,,,,,,,
,,,,,,,,
,,,,,,,,
,,,,,,,,
,,,,,,,,
,,,,,,,,
,,,,,,,,
,,,,,,,,
,,,,,,,,
,,,,,,,,
,,,,,,,,
,,,,,,,,
,,,,,,,,
,,,,,,,,
,,,,,,,,
,,,,,,,,
,,,,,,,,
,,,,,,,,
,,,,,,,,
,,,,,,,,
,,,,,,,,
,,,,,,,,
,,,,,,,,
,,,,,,,,
,,,,,,,,
,,,,,,,,
,,,,,,,,
,,,,,,,,
,,,,,,,,
,,,,,,,,
,,,,,,,,
,,,,,,,,
,,,,,,,,
,,,,,,,,
,,,,,,,,
,,,,,,,,
,,,,,,,,
,,,,,,,,
,,,,,,,,
,,,,,,,,
,,,,,,,,
,,,,,,,,
,,,,,,,,
,,,,,,,,
,,,,,,,,
,,,,,,,,
,,,,,,,,
,,,,,,,,
,,,,,,,,
,,,,,,,,
,,,,,,,,
,,,,,,,,
,,,,,,,,
,,,,,,,,
,,,,,,,,
,,,,,,,,
,,,,,,,,
,,,,,,,,
,,,,,,,,
,,,,,,,,
,,,,,,,,
,,,,,,,,
,,,,,,,,
,,,,,,,,
,,,,,,,,
,,,,,,,,
,,,,,,,,
,,,,,,,,
,,,,,,,,
,,,,,,,,
,,,,,,,,
,,,,,,,,
,,,,,,,,
,,,,,,,,
,,,,,,,,
,,,,,,,,
,,,,,,,,
,,,,,,,,
,,,,,,,,
,,,,,,,,
,,,,,,,,
,,,,,,,,
,,,,,,,,
,,,,,,,,
,,,,,,,,
,,,,,,,,
,,,,,,,,
,,,,,,,,
,,,,,,,,
,,,,,,,,
,,,,,,,,
,,,,,,,,
,,,,,,,,
,,,,,,,,
,,,,,,,,
,,,,,,,,
,,,,,,,,
,,,,,,,,
,,,,,,,,
,,,,,,,,
,,,,,,,,
,,,,,,,,
,,,,,,,,
,,,,,,,,
,,,,,,,,
,,,,,,,,
,,,,,,,,
,,,,,,,,
,,,,,,,,
,,,,,,,,
,,,,,,,,
,,,,,,,,
,,,,,,,,
,,,,,,,,
,,,,,,,,
,,,,,,,,
,,,,,,,,
,,,,,,,,
,,,,,,,,
,,,,,,,,
,,,,,,,,
,,,,,,,,
,,,,,,,,
,,,,,,,,
,,,,,,,,
,,,,,,,,
,,,,,,,,
,,,,,,,,
,,,,,,,,
,,,,,,,,
,,,,,,,,
,,,,,,,,
,,,,,,,,
,,,,,,,,
,,,,,,,,
,,,,,,,,
,,,,,,,,
,,,,,,,,
,,,,,,,,
,,,,,,,,
,,,,,,,,
,,,,,,,,
,,,,,,,,
,,,,,,,,
,,,,,,,,
,,,,,,,,
,,,,,,,,
,,,,,,,,
,,,,,,,,
,,,,,,,,
,,,,,,,,
,,,,,,,,
,,,,,,,,
,,,,,,,,
,,,,,,,,
,,,,,,,,
,,,,,,,,
,,,,,,,,
,,,,,,,,
,,,,,,,,
,,,,,,,,
,,,,,,,,
,,,,,,,,
,,,,,,,,
,,,,,,,,
,,,,,,,,
,,,,,,,,
,,,,,,,,
,,,,,,,,
,,,,,,,,
,,,,,,,,
,,,,,,,,
,,,,,,,,
,,,,,,,,
,,,,,,,,
,,,,,,,,
,,,,,,,,
,,,,,,,,
,,,,,,,,
,,,,,,,,
,,,,,,,,
,,,,,,,,
,,,,,,,,
,,,,,,,,
,,,,,,,,
,,,,,,,,
,,,,,,,,
,,,,,,,,
,,,,,,,,
,,,,,,,,
,,,,,,,,
,,,,,,,,
,,,,,,,,
,,,,,,,,
,,,,,,,,
,,,,,,,,
,,,,,,,,
,,,,,,,,
,,,,,,,,
,,,,,,,,
,,,,,,,,
,,,,,,,,
,,,,,,,,
,,,,,,,,
,,,,,,,,
,,,,,,,,
,,,,,,,,
,,,,,,,,
,,,,,,,,
,,,,,,,,
,,,,,,,,
,,,,,,,,
,,,,,,,,
,,,,,,,,
,,,,,,,,
,,,,,,,,
,,,,,,,,
,,,,,,,,
,,,,,,,,
,,,,,,,,
,,,,,,,,
,,,,,,,,
,,,,,,,,
,,,,,,,,
,,,,,,,,
,,,,,,,,
,,,,,,,,
,,,,,,,,
,,,,,,,,
,,,,,,,,
,,,,,,,,
,,,,,,,,
,,,,,,,,
,,,,,,,,
,,,,,,,,
,,,,,,,,
,,,,,,,,
,,,,,,,,
,,,,,,,,
,,,,,,,,
,,,,,,,,
,,,,,,,,
,,,,,,,,
,,,,,,,,
,,,,,,,,
,,,,,,,,
,,,,,,,,
,,,,,,,,
,,,,,,,,
,,,,,,,,
,,,,,,,,
,,,,,,,,
,,,,,,,,
,,,,,,,,
,,,,,,,,
,,,,,,,,
,,,,,,,,
,,,,,,,,
,,,,,,,,
,,,,,,,,
,,,,,,,,
,,,,,,,,
,,,,,,,,
,,,,,,,,
,,,,,,,,
,,,,,,,,
,,,,,,,,
,,,,,,,,
,,,,,,,,
,,,,,,,,
,,,,,,,,
,,,,,,,,
,,,,,,,,
,,,,,,,,
,,,,,,,,
,,,,,,,,
,,,,,,,,
,,,,,,,,
,,,,,,,,
,,,,,,,,
,,,,,,,,
,,,,,,,,
,,,,,,,,
,,,,,,,,
,,,,,,,,
,,,,,,,,
,,,,,,,,
,,,,,,,,
,,,,,,,,
,,,,,,,,
,,,,,,,,
,,,,,,,,
,,,,,,,,
,,,,,,,,
,,,,,,,,
,,,,,,,,
,,,,,,,,
,,,,,,,,
,,,,,,,,
,,,,,,,,
,,,,,,,,
,,,,,,,,
,,,,,,,,
,,,,,,,,
,,,,,,,,
,,,,,,,,
,,,,,,,,
,,,,,,,,
,,,,,,,,
,,,,,,,,
,,,,,,,,
,,,,,,,,
,,,,,,,,
,,,,,,,,
,,,,,,,,
,,,,,,,,
,,,,,,,,
,,,,,,,,
,,,,,,,,
,,,,,,,,
,,,,,,,,
,,,,,,,,
,,,,,,,,
,,,,,,,,
,,,,,,,,
,,,,,,,,
,,,,,,,,
,,,,,,,,
,,,,,,,,
,,,,,,,,
,,,,,,,,
,,,,,,,,
,,,,,,,,
,,,,,,,,
,,,,,,,,
,,,,,,,,
,,,,,,,,
,,,,,,,,
,,,,,,,,
,,,,,,,,
,,,,,,,,
,,,,,,,,
,,,,,,,,
,,,,,,,,
,,,,,,,,
,,,,,,,,
,,,,,,,,
,,,,,,,,
,,,,,,,,
,,,,,,,,
,,,,,,,,
,,,,,,,,
,,,,,,,,
,,,,,,,,
,,,,,,,,
,,,,,,,,
,,,,,,,,
,,,,,,,,
,,,,,,,,
,,,,,,,,
,,,,,,,,
,,,,,,,,
,,,,,,,,
,,,,,,,,
,,,,,,,,
,,,,,,,,
,,,,,,,,
,,,,,,,,
,,,,,,,,
,,,,,,,,
,,,,,,,,
,,,,,,,,
,,,,,,,,
,,,,,,,,
,,,,,,,,
,,,,,,,,
,,,,,,,,
,,,,,,,,
,,,,,,,,
,,,,,,,,
,,,,,,,,
,,,,,,,,
,,,,,,,,
,,,,,,,,
,,,,,,,,
,,,,,,,,
,,,,,,,,
,,,,,,,,
,,,,,,,,
,,,,,,,,
,,,,,,,,
,,,,,,,,
,,,,,,,,
,,,,,,,,
,,,,,,,,
,,,,,,,,
,,,,,,,,
,,,,,,,,
,,,,,,,,
,,,,,,,,
,,,,,,,,
,,,,,,,,
,,,,,,,,
,,,,,,,,
,,,,,,,,
,,,,,,,,
,,,,,,,,
,,,,,,,,
,,,,,,,,
,,,,,,,,
,,,,,,,,
,,,,,,,,
,,,,,,,,
,,,,,,,,
,,,,,,,,
,,,,,,,,
,,,,,,,,
,,,,,,,,
,,,,,,,,
,,,,,,,,
,,,,,,,,
,,,,,,,,
,,,,,,,,
,,,,,,,,
,,,,,,,,
,,,,,,,,
,,,,,,,,
,,,,,,,,
,,,,,,,,
,,,,,,,,
,,,,,,,,
,,,,,,,,
,,,,,,,,
,,,,,,,,
,,,,,,,,
,,,,,,,,
,,,,,,,,
,,,,,,,,
,,,,,,,,
,,,,,,,,
,,,,,,,,
,,,,,,,,
,,,,,,,,
,,,,,,,,
,,,,,,,,
,,,,,,,,
,,,,,,,,
,,,,,,,,
,,,,,,,,
,,,,,,,,
,,,,,,,,
,,,,,,,,
,,,,,,,,
,,,,,,,,
,,,,,,,,
,,,,,,,,
,,,,,,,,
,,,,,,,,
,,,,,,,,
,,,,,,,,
,,,,,,,,
,,,,,,,,
,,,,,,,,
,,,,,,,,
,,,,,,,,
,,,,,,,,
,,,,,,,,
,,,,,,,,
,,,,,,,,
,,,,,,,,
,,,,,,,,
,,,,,,,,
,,,,,,,,
,,,,,,,,
,,,,,,,,
,,,,,,,,
,,,,,,,,
,,,,,,,,
,,,,,,,,
,,,,,,,,
,,,,,,,,
,,,,,,,,
,,,,,,,,
,,,,,,,,
,,,,,,,,
,,,,,,,,
,,,,,,,,
,,,,,,,,
,,,,,,,,
,,,,,,,,
,,,,,,,,
,,,,,,,,
,,,,,,,,
,,,,,,,,
,,,,,,,,
,,,,,,,,
,,,,,,,,
,,,,,,,,
,,,,,,,,
,,,,,,,,
,,,,,,,,
,,,,,,,,
,,,,,,,,
,,,,,,,,
,,,,,,,,
,,,,,,,,
,,,,,,,,
,,,,,,,,
,,,,,,,,
,,,,,,,,
,,,,,,,,
,,,,,,,,
,,,,,,,,
,,,,,,,,
,,,,,,,,
,,,,,,,,
,,,,,,,,
,,,,,,,,
,,,,,,,,
,,,,,,,,
,,,,,,,,
,,,,,,,,
,,,,,,,,
,,,,,,,,
,,,,,,,,
,,,,,,,,
,,,,,,,,
,,,,,,,,
,,,,,,,,
,,,,,,,,
,,,,,,,,
,,,,,,,,
,,,,,,,,
,,,,,,,,
,,,,,,,,
,,,,,,,,
,,,,,,,,
,,,,,,,,
,,,,,,,,
,,,,,,,,
,,,,,,,,
,,,,,,,,
,,,,,,,,
,,,,,,,,
,,,,,,,,
,,,,,,,,
,,,,,,,,
,,,,,,,,
,,,,,,,,
,,,,,,,,
,,,,,,,,
,,,,,,,,
,,,,,,,,
,,,,,,,,
,,,,,,,,
,,,,,,,,
,,,,,,,,
,,,,,,,,
,,,,,,,,
,,,,,,,,
,,,,,,,,
,,,,,,,,
,,,,,,,,
,,,,,,,,
,,,,,,,,
,,,,,,,,
,,,,,,,,
,,,,,,,,
,,,,,,,,
,,,,,,,,
,,,,,,,,
,,,,,,,,
,,,,,,,,
,,,,,,,,
,,,,,,,,
,,,,,,,,
,,,,,,,,
,,,,,,,,
,,,,,,,,
,,,,,,,,
,,,,,,,,
,,,,,,,,
,,,,,,,,
,,,,,,,,
,,,,,,,,
,,,,,,,,
,,,,,,,,
,,,,,,,,
,,,,,,,,
,,,,,,,,
,,,,,,,,
,,,,,,,,
,,,,,,,,
,,,,,,,,
,,,,,,,,
,,,,,,,,
,,,,,,,,
,,,,,,,,
,,,,,,,,
,,,,,,,,
,,,,,,,,
,,,,,,,,
,,,,,,,,
,,,,,,,,
,,,,,,,,
,,,,,,,,
,,,,,,,,
,,,,,,,,
,,,,,,,,
,,,,,,,,
,,,,,,,,
,,,,,,,,
,,,,,,,,
,,,,,,,,
,,,,,,,,
,,,,,,,,
,,,,,,,,
,,,,,,,,
,,,,,,,,
,,,,,,,,
,,,,,,,,
,,,,,,,,
,,,,,,,,
,,,,,,,,
,,,,,,,,
,,,,,,,,
,,,,,,,,
,,,,,,,,
,,,,,,,,
,,,,,,,,
,,,,,,,,
,,,,,,,,
,,,,,,,,
,,,,,,,,
,,,,,,,,
,,,,,,,,
,,,,,,,,
,,,,,,,,
,,,,,,,,
,,,,,,,,
,,,,,,,,
,,,,,,,,
,,,,,,,,
,,,,,,,,
,,,,,,,,
,,,,,,,,
,,,,,,,,
,,,,,,,,
,,,,,,,,
,,,,,,,,
,,,,,,,,
,,,,,,,,
,,,,,,,,
,,,,,,,,
,,,,,,,,
,,,,,,,,
,,,,,,,,
,,,,,,,,
,,,,,,,,
,,,,,,,,
,,,,,,,,
,,,,,,,,
,,,,,,,,
,,,,,,,,
,,,,,,,,
,,,,,,,,
,,,,,,,,
,,,,,,,,
,,,,,,,,
,,,,,,,,
,,,,,,,,
,,,,,,,,
,,,,,,,,
,,,,,,,,
,,,,,,,,
,,,,,,,,
,,,,,,,,
,,,,,,,,
,,,,,,,,
,,,,,,,,
,,,,,,,,
,,,,,,,,
,,,,,,,,
,,,,,,,,
,,,,,,,,
,,,,,,,,
,,,,,,,,
,,,,,,,,
,,,,,,,,
,,,,,,,,
,,,,,,,,
,,,,,,,,
,,,,,,,,
,,,,,,,,
,,,,,,,,
,,,,,,,,
,,,,,,,,
,,,,,,,,
,,,,,,,,
,,,,,,,,
,,,,,,,,
,,,,,,,,
,,,,,,,,
,,,,,,,,
,,,,,,,,
,,,,,,,,
,,,,,,,,
,,,,,,,,
,,,,,,,,
,,,,,,,,
,,,,,,,,
,,,,,,,,
,,,,,,,,
,,,,,,,,
,,,,,,,,
,,,,,,,,
,,,,,,,,
,,,,,,,,
,,,,,,,,
,,,,,,,,
,,,,,,,,
,,,,,,,,
,,,,,,,,
,,,,,,,,
,,,,,,,,
,,,,,,,,
,,,,,,,,
,,,,,,,,
,,,,,,,,
,,,,,,,,
,,,,,,,,
,,,,,,,,
,,,,,,,,
,,,,,,,,
,,,,,,,,
,,,,,,,,
,,,,,,,,
,,,,,,,,
,,,,,,,,
,,,,,,,,
,,,,,,,,
,,,,,,,,
,,,,,,,,
,,,,,,,,
,,,,,,,,
,,,,,,,,
,,,,,,,,
,,,,,,,,
,,,,,,,,
,,,,,,,,
,,,,,,,,
,,,,,,,,
,,,,,,,,
,,,,,,,,
,,,,,,,,
,,,,,,,,
,,,,,,,,
,,,,,,,,
,,,,,,,,
,,,,,,,,
,,,,,,,,
,,,,,,,,
,,,,,,,,
,,,,,,,,
,,,,,,,,
,,,,,,,,
,,,,,,,,
,,,,,,,,
,,,,,,,,
,,,,,,,,
,,,,,,,,
,,,,,,,,
,,,,,,,,
,,,,,,,,
,,,,,,,,
,,,,,,,,
,,,,,,,,
,,,,,,,,
,,,,,,,,
,,,,,,,,
,,,,,,,,
,,,,,,,,
,,,,,,,,
,,,,,,,,
,,,,,,,,
,,,,,,,,
,,,,,,,,
,,,,,,,,
,,,,,,,,
,,,,,,,,
,,,,,,,,
,,,,,,,,
,,,,,,,,
,,,,,,,,
,,,,,,,,
,,,,,,,,
,,,,,,,,
,,,,,,,,
,,,,,,,,
,,,,,,,,
,,,,,,,,
,,,,,,,,
,,,,,,,,
,,,,,,,,
,,,,,,,,
,,,,,,,,
,,,,,,,,
,,,,,,,,
,,,,,,,,
,,,,,,,,
,,,,,,,,
,,,,,,,,
,,,,,,,,
,,,,,,,,
,,,,,,,,
,,,,,,,,
,,,,,,,,
,,,,,,,,
,,,,,,,,
,,,,,,,,
,,,,,,,,
,,,,,,,,
,,,,,,,,
,,,,,,,,
,,,,,,,,
,,,,,,,,
,,,,,,,,
,,,,,,,,
,,,,,,,,
,,,,,,,,
,,,,,,,,
,,,,,,,,
,,,,,,,,
,,,,,,,,
,,,,,,,,
,,,,,,,,
,,,,,,,,
,,,,,,,,
,,,,,,,,
,,,,,,,,
,,,,,,,,
,,,,,,,,
,,,,,,,,
,,,,,,,,
,,,,,,,,
,,,,,,,,
,,,,,,,,
,,,,,,,,
,,,,,,,,
,,,,,,,,
,,,,,,,,
,,,,,,,,
,,,,,,,,
,,,,,,,,
,,,,,,,,
,,,,,,,,
,,,,,,,,
,,,,,,,,
,,,,,,,,
,,,,,,,,
,,,,,,,,
,,,,,,,,
,,,,,,,,
,,,,,,,,
,,,,,,,,
,,,,,,,,
,,,,,,,,
,,,,,,,,
,,,,,,,,
,,,,,,,,
,,,,,,,,
,,,,,,,,
,,,,,,,,
,,,,,,,,
,,,,,,,,
,,,,,,,,
,,,,,,,,
,,,,,,,,
,,,,,,,,
,,,,,,,,
,,,,,,,,
,,,,,,,,
,,,,,,,,
,,,,,,,,
,,,,,,,,
,,,,,,,,
,,,,,,,,
,,,,,,,,
,,,,,,,,
,,,,,,,,
,,,,,,,,
,,,,,,,,
,,,,,,,,
,,,,,,,,
,,,,,,,,
,,,,,,,,
,,,,,,,,
,,,,,,,,
,,,,,,,,
,,,,,,,,
,,,,,,,,
,,,,,,,,
,,,,,,,,
,,,,,,,,
,,,,,,,,
,,,,,,,,
,,,,,,,,
,,,,,,,,
,,,,,,,,
,,,,,,,,
,,,,,,,,
,,,,,,,,
,,,,,,,,
,,,,,,,,
,,,,,,,,
,,,,,,,,
,,,,,,,,
,,,,,,,,
,,,,,,,,
,,,,,,,,
,,,,,,,,
,,,,,,,,
,,,,,,,,
,,,,,,,,
,,,,,,,,
,,,,,,,,
,,,,,,,,
,,,,,,,,
,,,,,,,,
,,,,,,,,
,,,,,,,,
,,,,,,,,
,,,,,,,,
,,,,,,,,
,,,,,,,,
,,,,,,,,
,,,,,,,,
,,,,,,,,
,,,,,,,,
,,,,,,,,
,,,,,,,,
,,,,,,,,
,,,,,,,,
,,,,,,,,
,,,,,,,,
,,,,,,,,
,,,,,,,,
,,,,,,,,
,,,,,,,,
,,,,,,,,
,,,,,,,,
,,,,,,,,
,,,,,,,,
,,,,,,,,
,,,,,,,,
,,,,,,,,
,,,,,,,,
,,,,,,,,
,,,,,,,,
,,,,,,,,
,,,,,,,,
,,,,,,,,
,,,,,,,,
,,,,,,,,
,,,,,,,,
,,,,,,,,
,,,,,,,,
,,,,,,,,
,,,,,,,,
,,,,,,,,
,,,,,,,,
,,,,,,,,
,,,,,,,,
,,,,,,,,
,,,,,,,,
,,,,,,,,
,,,,,,,,
,,,,,,,,
,,,,,,,,
,,,,,,,,
,,,,,,,,
,,,,,,,,
,,,,,,,,
,,,,,,,,
,,,,,,,,
,,,,,,,,
,,,,,,,,
,,,,,,,,
,,,,,,,,
,,,,,,,,
,,,,,,,,
,,,,,,,,
,,,,,,,,
,,,,,,,,
,,,,,,,,
,,,,,,,,
,,,,,,,,
,,,,,,,,
,,,,,,,,
,,,,,,,,
,,,,,,,,
,,,,,,,,
,,,,,,,,
,,,,,,,,
,,,,,,,,
,,,,,,,,
,,,,,,,,
,,,,,,,,
,,,,,,,,
,,,,,,,,
,,,,,,,,
,,,,,,,,
,,,,,,,,
,,,,,,,,
,,,,,,,,
,,,,,,,,
,,,,,,,,
,,,,,,,,
,,,,,,,,
,,,,,,,,
,,,,,,,,
,,,,,,,,
,,,,,,,,
,,,,,,,,
,,,,,,,,
,,,,,,,,
,,,,,,,,
,,,,,,,,
,,,,,,,,
,,,,,,,,
,,,,,,,,
,,,,,,,,
,,,,,,,,
,,,,,,,,
,,,,,,,,
,,,,,,,,
,,,,,,,,
,,,,,,,,
,,,,,,,,
,,,,,,,,
,,,,,,,,
,,,,,,,,
,,,,,,,,
,,,,,,,,
,,,,,,,,
,,,,,,,,
,,,,,,,,
,,,,,,,,
,,,,,,,,
,,,,,,,,
,,,,,,,,
,,,,,,,,
,,,,,,,,
,,,,,,,,
,,,,,,,,
,,,,,,,,
,,,,,,,,
,,,,,,,,
,,,,,,,,
,,,,,,,,
,,,,,,,,
,,,,,,,,
,,,,,,,,
,,,,,,,,
,,,,,,,,
,,,,,,,,
,,,,,,,,
,,,,,,,,
,,,,,,,,
,,,,,,,,
,,,,,,,,
,,,,,,,,
,,,,,,,,
,,,,,,,,
,,,,,,,,
,,,,,,,,
,,,,,,,,
,,,,,,,,
,,,,,,,,
,,,,,,,,
,,,,,,,,
,,,,,,,,
,,,,,,,,
,,,,,,,,
,,,,,,,,
,,,,,,,,
,,,,,,,,
,,,,,,,,
,,,,,,,,
,,,,,,,,
,,,,,,,,
,,,,,,,,
,,,,,,,,
,,,,,,,,
,,,,,,,,
,,,,,,,,
,,,,,,,,
,,,,,,,,
,,,,,,,,
,,,,,,,,
,,,,,,,,
,,,,,,,,
,,,,,,,,
,,,,,,,,
,,,,,,,,
,,,,,,,,
,,,,,,,,
,,,,,,,,
,,,,,,,,
,,,,,,,,
,,,,,,,,
,,,,,,,,
,,,,,,,,
,,,,,,,,
,,,,,,,,
,,,,,,,,
,,,,,,,,
,,,,,,,,
,,,,,,,,
,,,,,,,,
,,,,,,,,
,,,,,,,,
,,,,,,,,
,,,,,,,,
,,,,,,,,
,,,,,,,,
,,,,,,,,
,,,,,,,,
,,,,,,,,
,,,,,,,,
,,,,,,,,
,,,,,,,,
,,,,,,,,
,,,,,,,,
,,,,,,,,
,,,,,,,,
,,,,,,,,
,,,,,,,,
,,,,,,,,
,,,,,,,,
,,,,,,,,
,,,,,,,,
,,,,,,,,
,,,,,,,,
,,,,,,,,
,,,,,,,,
,,,,,,,,
,,,,,,,,
,,,,,,,,
,,,,,,,,
,,,,,,,,
,,,,,,,,
,,,,,,,,
,,,,,,,,
,,,,,,,,
,,,,,,,,
,,,,,,,,
,,,,,,,,
,,,,,,,,
,,,,,,,,
,,,,,,,,
,,,,,,,,
,,,,,,,,
,,,,,,,,
,,,,,,,,
,,,,,,,,
,,,,,,,,
,,,,,,,,
,,,,,,,,
,,,,,,,,
,,,,,,,,
,,,,,,,,
,,,,,,,,
,,,,,,,,
,,,,,,,,
,,,,,,,,
,,,,,,,,
,,,,,,,,
,,,,,,,,
,,,,,,,,
,,,,,,,,
,,,,,,,,
,,,,,,,,
,,,,,,,,
,,,,,,,,
,,,,,,,,
,,,,,,,,
,,,,,,,,
,,,,,,,,
,,,,,,,,
,,,,,,,,
,,,,,,,,
,,,,,,,,
,,,,,,,,
,,,,,,,,
,,,,,,,,
,,,,,,,,
,,,,,,,,
,,,,,,,,
,,,,,,,,
,,,,,,,,
,,,,,,,,
,,,,,,,,
,,,,,,,,
,,,,,,,,
,,,,,,,,
,,,,,,,,
,,,,,,,,
,,,,,,,,
,,,,,,,,
,,,,,,,,
,,,,,,,,
,,,,,,,,
,,,,,,,,
,,,,,,,,
,,,,,,,,
,,,,,,,,
,,,,,,,,
,,,,,,,,
,,,,,,,,
,,,,,,,,
,,,,,,,,
,,,,,,,,
,,,,,,,,
,,,,,,,,
,,,,,,,,
,,,,,,,,
,,,,,,,,
,,,,,,,,
,,,,,,,,
,,,,,,,,
,,,,,,,,
,,,,,,,,
,,,,,,,,
,,,,,,,,
,,,,,,,,
,,,,,,,,
,,,,,,,,
,,,,,,,,
,,,,,,,,
,,,,,,,,
,,,,,,,,
,,,,,,,,
,,,,,,,,
,,,,,,,,
,,,,,,,,
,,,,,,,,
,,,,,,,,
,,,,,,,,
,,,,,,,,
,,,,,,,,
,,,,,,,,
,,,,,,,,
,,,,,,,,
,,,,,,,,
,,,,,,,,
,,,,,,,,
,,,,,,,,
,,,,,,,,
,,,,,,,,
,,,,,,,,
,,,,,,,,
,,,,,,,,
,,,,,,,,
,,,,,,,,
,,,,,,,,
,,,,,,,,
,,,,,,,,
,,,,,,,,
,,,,,,,,
,,,,,,,,
,,,,,,,,
,,,,,,,,
,,,,,,,,
,,,,,,,,
,,,,,,,,
,,,,,,,,
,,,,,,,,
,,,,,,,,
,,,,,,,,
,,,,,,,,
,,,,,,,,
,,,,,,,,
,,,,,,,,
,,,,,,,,
,,,,,,,,
,,,,,,,,
,,,,,,,,
,,,,,,,,
,,,,,,,,
,,,,,,,,
,,,,,,,,
,,,,,,,,
,,,,,,,,
,,,,,,,,
,,,,,,,,
,,,,,,,,
,,,,,,,,
,,,,,,,,
,,,,,,,,
,,,,,,,,
,,,,,,,,
,,,,,,,,
,,,,,,,,
,,,,,,,,
,,,,,,,,
,,,,,,,,
,,,,,,,,
,,,,,,,,
,,,,,,,,
,,,,,,,,
,,,,,,,,
,,,,,,,,
,,,,,,,,
,,,,,,,,
,,,,,,,,
,,,,,,,,
,,,,,,,,
,,,,,,,,
,,,,,,,,
,,,,,,,,
,,,,,,,,
,,,,,,,,
,,,,,,,,
,,,,,,,,
,,,,,,,,
,,,,,,,,
,,,,,,,,
,,,,,,,,
,,,,,,,,
,,,,,,,,
,,,,,,,,
,,,,,,,,
,,,,,,,,
,,,,,,,,
,,,,,,,,
,,,,,,,,
,,,,,,,,
,,,,,,,,
,,,,,,,,
,,,,,,,,
,,,,,,,,
,,,,,,,,
,,,,,,,,
,,,,,,,,
,,,,,,,,
,,,,,,,,
,,,,,,,,
,,,,,,,,
,,,,,,,,
,,,,,,,,
,,,,,,,,
,,,,,,,,
,,,,,,,,
,,,,,,,,
,,,,,,,,
,,,,,,,,
,,,,,,,,
,,,,,,,,
,,,,,,,,
,,,,,,,,
,,,,,,,,
,,,,,,,,
,,,,,,,,
,,,,,,,,
,,,,,,,,
,,,,,,,,
,,,,,,,,
,,,,,,,,
,,,,,,,,
,,,,,,,,
,,,,,,,,
,,,,,,,,
,,,,,,,,
,,,,,,,,
,,,,,,,,
,,,,,,,,
,,,,,,,,
,,,,,,,,
,,,,,,,,
,,,,,,,,
,,,,,,,,
,,,,,,,,
,,,,,,,,
,,,,,,,,
,,,,,,,,
,,,,,,,,
,,,,,,,,
,,,,,,,,
,,,,,,,,
,,,,,,,,
,,,,,,,,
,,,,,,,,
,,,,,,,,
,,,,,,,,
,,,,,,,,
,,,,,,,,
,,,,,,,,
,,,,,,,,
,,,,,,,,
,,,,,,,,
,,,,,,,,
,,,,,,,,
,,,,,,,,
,,,,,,,,
,,,,,,,,
,,,,,,,,
,,,,,,,,
,,,,,,,,
,,,,,,,,
,,,,,,,,
,,,,,,,,
,,,,,,,,
,,,,,,,,
,,,,,,,,
,,,,,,,,
,,,,,,,,
,,,,,,,,
,,,,,,,,
,,,,,,,,
,,,,,,,,
,,,,,,,,
,,,,,,,,
,,,,,,,,
,,,,,,,,
,,,,,,,,
,,,,,,,,
,,,,,,,,
,,,,,,,,
,,,,,,,,
,,,,,,,,
,,,,,,,,
,,,,,,,,
,,,,,,,,
,,,,,,,,
,,,,,,,,
,,,,,,,,
,,,,,,,,
,,,,,,,,
,,,,,,,,
,,,,,,,,
,,,,,,,,
,,,,,,,,
,,,,,,,,
,,,,,,,,
,,,,,,,,
,,,,,,,,
,,,,,,,,
,,,,,,,,
,,,,,,,,
,,,,,,,,
,,,,,,,,
,,,,,,,,
,,,,,,,,
,,,,,,,,
,,,,,,,,
,,,,,,,,
,,,,,,,,
,,,,,,,,
,,,,,,,,
,,,,,,,,
,,,,,,,,
,,,,,,,,
,,,,,,,,
,,,,,,,,
,,,,,,,,
,,,,,,,,
,,,,,,,,
,,,,,,,,
,,,,,,,,
,,,,,,,,
,,,,,,,,
,,,,,,,,
,,,,,,,,
,,,,,,,,
,,,,,,,,
,,,,,,,,
,,,,,,,,
,,,,,,,,
,,,,,,,,
,,,,,,,,
,,,,,,,,
,,,,,,,,
,,,,,,,,
,,,,,,,,
,,,,,,,,
,,,,,,,,
,,,,,,,,
,,,,,,,,
,,,,,,,,
,,,,,,,,
,,,,,,,,
,,,,,,,,
,,,,,,,,
,,,,,,,,
,,,,,,,,
,,,,,,,,
,,,,,,,,
,,,,,,,,
,,,,,,,,
,,,,,,,,
,,,,,,,,
,,,,,,,,
,,,,,,,,
,,,,,,,,
,,,,,,,,
,,,,,,,,
,,,,,,,,
,,,,,,,,
,,,,,,,,
,,,,,,,,
,,,,,,,,
,,,,,,,,
,,,,,,,,
,,,,,,,,
,,,,,,,,
,,,,,,,,
,,,,,,,,
,,,,,,,,
,,,,,,,,
,,,,,,,,
,,,,,,,,
,,,,,,,,
,,,,,,,,
,,,,,,,,
,,,,,,,,
,,,,,,,,
,,,,,,,,
,,,,,,,,
,,,,,,,,
,,,,,,,,
,,,,,,,,
,,,,,,,,
,,,,,,,,
,,,,,,,,
,,,,,,,,
,,,,,,,,
,,,,,,,,
,,,,,,,,
,,,,,,,,
,,,,,,,,
,,,,,,,,
,,,,,,,,
,,,,,,,,
,,,,,,,,
,,,,,,,,
,,,,,,,,
,,,,,,,,
,,,,,,,,
,,,,,,,,
,,,,,,,,
,,,,,,,,
,,,,,,,,
,,,,,,,,
,,,,,,,,
,,,,,,,,
,,,,,,,,
,,,,,,,,
,,,,,,,,
,,,,,,,,
,,,,,,,,
,,,,,,,,
,,,,,,,,
,,,,,,,,
,,,,,,,,
,,,,,,,,
,,,,,,,,
,,,,,,,,
,,,,,,,,
,,,,,,,,
,,,,,,,,
,,,,,,,,
,,,,,,,,
,,,,,,,,
,,,,,,,,
,,,,,,,,
,,,,,,,,
,,,,,,,,
,,,,,,,,
,,,,,,,,
,,,,,,,,
,,,,,,,,
,,,,,,,,
,,,,,,,,
,,,,,,,,
,,,,,,,,
,,,,,,,,
,,,,,,,,
,,,,,,,,
,,,,,,,,
,,,,,,,,
,,,,,,,,
,,,,,,,,
,,,,,,,,
,,,,,,,,
,,,,,,,,
,,,,,,,,
,,,,,,,,
,,,,,,,,
,,,,,,,,
,,,,,,,,
,,,,,,,,
,,,,,,,,
,,,,,,,,
,,,,,,,,
,,,,,,,,
,,,,,,,,
,,,,,,,,
,,,,,,,,
,,,,,,,,
,,,,,,,,
,,,,,,,,
,,,,,,,,
,,,,,,,,
,,,,,,,,
,,,,,,,,
,,,,,,,,
,,,,,,,,
,,,,,,,,
,,,,,,,,
,,,,,,,,
,,,,,,,,
,,,,,,,,
,,,,,,,,
,,,,,,,,
,,,,,,,,
,,,,,,,,
,,,,,,,,
,,,,,,,,
,,,,,,,,
,,,,,,,,
,,,,,,,,
,,,,,,,,
,,,,,,,,
,,,,,,,,
,,,,,,,,
,,,,,,,,
,,,,,,,,
,,,,,,,,
,,,,,,,,
,,,,,,,,
,,,,,,,,
,,,,,,,,
,,,,,,,,
,,,,,,,,
,,,,,,,,
,,,,,,,,
,,,,,,,,
,,,,,,,,
,,,,,,,,
,,,,,,,,
,,,,,,,,
,,,,,,,,
,,,,,,,,
,,,,,,,,
,,,,,,,,
,,,,,,,,
,,,,,,,,
,,,,,,,,
,,,,,,,,
,,,,,,,,
,,,,,,,,
,,,,,,,,
,,,,,,,,
,,,,,,,,
,,,,,,,,
,,,,,,,,
,,,,,,,,
,,,,,,,,
,,,,,,,,
,,,,,,,,
,,,,,,,,
,,,,,,,,
,,,,,,,,
,,,,,,,,
,,,,,,,,
,,,,,,,,
,,,,,,,,
,,,,,,,,
,,,,,,,,
,,,,,,,,
,,,,,,,,
,,,,,,,,
,,,,,,,,
,,,,,,,,
,,,,,,,,
,,,,,,,,
,,,,,,,,
,,,,,,,,
,,,,,,,,
,,,,,,,,
,,,,,,,,
,,,,,,,,
,,,,,,,,
,,,,,,,,
,,,,,,,,
,,,,,,,,
,,,,,,,,
,,,,,,,,
,,,,,,,,
,,,,,,,,
,,,,,,,,
,,,,,,,,
,,,,,,,,
,,,,,,,,
,,,,,,,,
,,,,,,,,
,,,,,,,,
,,,,,,,,
,,,,,,,,
,,,,,,,,
,,,,,,,,
,,,,,,,,
,,,,,,,,
,,,,,,,,
,,,,,,,,
,,,,,,,,
,,,,,,,,
,,,,,,,,
,,,,,,,,
,,,,,,,,
,,,,,,,,
,,,,,,,,
,,,,,,,,
,,,,,,,,
,,,,,,,,
,,,,,,,,
,,,,,,,,
,,,,,,,,
,,,,,,,,
,,,,,,,,
,,,,,,,,
,,,,,,,,
,,,,,,,,
,,,,,,,,
,,,,,,,,
,,,,,,,,
,,,,,,,,
,,,,,,,,
,,,,,,,,
,,,,,,,,
,,,,,,,,
,,,,,,,,
,,,,,,,,
,,,,,,,,
,,,,,,,,
,,,,,,,,
,,,,,,,,
,,,,,,,,
,,,,,,,,
,,,,,,,,
,,,,,,,,
,,,,,,,,
,,,,,,,,
,,,,,,,,
,,,,,,,,
,,,,,,,,
,,,,,,,,
,,,,,,,,
,,,,,,,,
,,,,,,,,
,,,,,,,,
,,,,,,,,
,,,,,,,,
,,,,,,,,
,,,,,,,,
,,,,,,,,
,,,,,,,,
,,,,,,,,
,,,,,,,,
,,,,,,,,
,,,,,,,,
,,,,,,,,
,,,,,,,,
,,,,,,,,
,,,,,,,,
,,,,,,,,
,,,,,,,,
,,,,,,,,
,,,,,,,,
,,,,,,,,
,,,,,,,,
,,,,,,,,
,,,,,,,,
,,,,,,,,
,,,,,,,,
,,,,,,,,
,,,,,,,,
,,,,,,,,
,,,,,,,,
,,,,,,,,
,,,,,,,,
,,,,,,,,
,,,,,,,,
,,,,,,,,
,,,,,,,,
,,,,,,,,
,,,,,,,,
,,,,,,,,
,,,,,,,,
,,,,,,,,
,,,,,,,,
,,,,,,,,
,,,,,,,,
,,,,,,,,
,,,,,,,,
,,,,,,,,
,,,,,,,,
,,,,,,,,
,,,,,,,,
,,,,,,,,
,,,,,,,,
,,,,,,,,
,,,,,,,,
,,,,,,,,
,,,,,,,,
,,,,,,,,
,,,,,,,,
,,,,,,,,
,,,,,,,,
,,,,,,,,
,,,,,,,,
,,,,,,,,
,,,,,,,,
,,,,,,,,
,,,,,,,,
,,,,,,,,
,,,,,,,,
,,,,,,,,
,,,,,,,,
,,,,,,,,
,,,,,,,,
,,,,,,,,
,,,,,,,,
,,,,,,,,
,,,,,,,,
,,,,,,,,
,,,,,,,,
,,,,,,,,
,,,,,,,,
,,,,,,,,
,,,,,,,,
,,,,,,,,
,,,,,,,,
,,,,,,,,
,,,,,,,,
,,,,,,,,
,,,,,,,,
,,,,,,,,
,,,,,,,,
,,,,,,,,
,,,,,,,,
,,,,,,,,
,,,,,,,,
,,,,,,,,
,,,,,,,,
,,,,,,,,
,,,,,,,,
,,,,,,,,
,,,,,,,,
,,,,,,,,
,,,,,,,,
,,,,,,,,
,,,,,,,,
,,,,,,,,
,,,,,,,,
,,,,,,,,
,,,,,,,,
,,,,,,,,
,,,,,,,,
,,,,,,,,
,,,,,,,,
,,,,,,,,
,,,,,,,,
,,,,,,,,
,,,,,,,,
,,,,,,,,
,,,,,,,,
,,,,,,,,
,,,,,,,,
,,,,,,,,
,,,,,,,,
,,,,,,,,
,,,,,,,,
,,,,,,,,
,,,,,,,,
,,,,,,,,
,,,,,,,,
,,,,,,,,
,,,,,,,,
,,,,,,,,
,,,,,,,,
,,,,,,,,
,,,,,,,,
,,,,,,,,
,,,,,,,,
,,,,,,,,
,,,,,,,,
,,,,,,,,
,,,,,,,,
,,,,,,,,
,,,,,,,,
,,,,,,,,
,,,,,,,,
,,,,,,,,
,,,,,,,,
,,,,,,,,
,,,,,,,,
,,,,,,,,
,,,,,,,,
,,,,,,,,
,,,,,,,,
,,,,,,,,
,,,,,,,,
,,,,,,,,
,,,,,,,,
,,,,,,,,
,,,,,,,,
,,,,,,,,
,,,,,,,,
,,,,,,,,
,,,,,,,,
,,,,,,,,
,,,,,,,,
,,,,,,,,
,,,,,,,,
,,,,,,,,
,,,,,,,,
,,,,,,,,
,,,,,,,,
,,,,,,,,
,,,,,,,,
,,,,,,,,
,,,,,,,,
,,,,,,,,
,,,,,,,,
,,,,,,,,
,,,,,,,,
,,,,,,,,
,,,,,,,,
,,,,,,,,
,,,,,,,,
,,,,,,,,
,,,,,,,,
,,,,,,,,
,,,,,,,,
,,,,,,,,
,,,,,,,,
,,,,,,,,
,,,,,,,,
,,,,,,,,
,,,,,,,,
,,,,,,,,
,,,,,,,,
,,,,,,,,
,,,,,,,,
,,,,,,,,
,,,,,,,,
,,,,,,,,
,,,,,,,,
,,,,,,,,
,,,,,,,,
,,,,,,,,
,,,,,,,,
,,,,,,,,
,,,,,,,,
,,,,,,,,
,,,,,,,,
,,,,,,,,
,,,,,,,,
,,,,,,,,
,,,,,,,,
,,,,,,,,
,,,,,,,,
,,,,,,,,
,,,,,,,,
,,,,,,,,
,,,,,,,,
,,,,,,,,
,,,,,,,,
,,,,,,,,
,,,,,,,,
,,,,,,,,
,,,,,,,,
,,,,,,,,
,,,,,,,,
,,,,,,,,
,,,,,,,,
,,,,,,,,
,,,,,,,,
,,,,,,,,
,,,,,,,,
,,,,,,,,
,,,,,,,,
,,,,,,,,
,,,,,,,,
,,,,,,,,
,,,,,,,,
,,,,,,,,
,,,,,,,,
,,,,,,,,
,,,,,,,,
,,,,,,,,
,,,,,,,,
,,,,,,,,
,,,,,,,,
,,,,,,,,
,,,,,,,,
,,,,,,,,
,,,,,,,,
,,,,,,,,
,,,,,,,,
,,,,,,,,
,,,,,,,,
,,,,,,,,
,,,,,,,,
,,,,,,,,
,,,,,,,,
,,,,,,,,
,,,,,,,,
,,,,,,,,
,,,,,,,,
,,,,,,,,
,,,,,,,,
,,,,,,,,
,,,,,,,,
,,,,,,,,
,,,,,,,,
,,,,,,,,
,,,,,,,,
,,,,,,,,
,,,,,,,,
,,,,,,,,
,,,,,,,,
,,,,,,,,
,,,,,,,,
,,,,,,,,
,,,,,,,,
,,,,,,,,
,,,,,,,,
,,,,,,,,
,,,,,,,,
,,,,,,,,
,,,,,,,,
,,,,,,,,
,,,,,,,,
,,,,,,,,
,,,,,,,,
,,,,,,,,
,,,,,,,,
,,,,,,,,
,,,,,,,,
,,,,,,,,
,,,,,,,,
,,,,,,,,
,,,,,,,,
,,,,,,,,
,,,,,,,,
,,,,,,,,
,,,,,,,,
,,,,,,,,
,,,,,,,,
,,,,,,,,
,,,,,,,,
,,,,,,,,
,,,,,,,,
,,,,,,,,
,,,,,,,,
,,,,,,,,
,,,,,,,,
,,,,,,,,
,,,,,,,,
,,,,,,,,
,,,,,,,,
,,,,,,,,
,,,,,,,,
,,,,,,,,
,,,,,,,,
,,,,,,,,
,,,,,,,,
,,,,,,,,
,,,,,,,,
,,,,,,,,
,,,,,,,,
,,,,,,,,
,,,,,,,,
,,,,,,,,
,,,,,,,,
,,,,,,,,
,,,,,,,,
,,,,,,,,
,,,,,,,,
,,,,,,,,
,,,,,,,,
,,,,,,,,
,,,,,,,,
,,,,,,,,
,,,,,,,,
,,,,,,,,
,,,,,,,,
,,,,,,,,
,,,,,,,,
,,,,,,,,
,,,,,,,,
,,,,,,,,
,,,,,,,,
,,,,,,,,
,,,,,,,,
,,,,,,,,
,,,,,,,,
,,,,,,,,
,,,,,,,,
,,,,,,,,
,,,,,,,,
,,,,,,,,
,,,,,,,,
,,,,,,,,
,,,,,,,,
,,,,,,,,
,,,,,,,,
,,,,,,,,
,,,,,,,,
,,,,,,,,
,,,,,,,,
,,,,,,,,
,,,,,,,,
,,,,,,,,
,,,,,,,,
,,,,,,,,
,,,,,,,,
,,,,,,,,
,,,,,,,,
,,,,,,,,
,,,,,,,,
,,,,,,,,
,,,,,,,,
,,,,,,,,
,,,,,,,,
,,,,,,,,
,,,,,,,,
,,,,,,,,
,,,,,,,,
,,,,,,,,
,,,,,,,,
,,,,,,,,
,,,,,,,,
,,,,,,,,
,,,,,,,,
,,,,,,,,
,,,,,,,,
,,,,,,,,
,,,,,,,,
,,,,,,,,
,,,,,,,,
,,,,,,,,
,,,,,,,,
,,,,,,,,
,,,,,,,,
,,,,,,,,
,,,,,,,,
,,,,,,,,
,,,,,,,,
,,,,,,,,
,,,,,,,,
,,,,,,,,
,,,,,,,,
,,,,,,,,
,,,,,,,,
,,,,,,,,
,,,,,,,,
,,,,,,,,
,,,,,,,,
,,,,,,,,
,,,,,,,,
,,,,,,,,
,,,,,,,,
,,,,,,,,
,,,,,,,,
,,,,,,,,
,,,,,,,,
,,,,,,,,
,,,,,,,,
,,,,,,,,
,,,,,,,,
,,,,,,,,
,,,,,,,,
,,,,,,,,
,,,,,,,,
,,,,,,,,
,,,,,,,,
,,,,,,,,
,,,,,,,,
,,,,,,,,
,,,,,,,,
,,,,,,,,
,,,,,,,,
,,,,,,,,
,,,,,,,,
,,,,,,,,
,,,,,,,,
,,,,,,,,
,,,,,,,,
,,,,,,,,
,,,,,,,,
,,,,,,,,
,,,,,,,,
,,,,,,,,
,,,,,,,,
,,,,,,,,
,,,,,,,,
,,,,,,,,
,,,,,,,,
,,,,,,,,
,,,,,,,,
,,,,,,,,
,,,,,,,,
,,,,,,,,
,,,,,,,,
,,,,,,,,
,,,,,,,,
,,,,,,,,
,,,,,,,,
,,,,,,,,
,,,,,,,,
,,,,,,,,
,,,,,,,,
,,,,,,,,
,,,,,,,,
,,,,,,,,
,,,,,,,,
,,,,,,,,
,,,,,,,,
,,,,,,,,
,,,,,,,,
,,,,,,,,
,,,,,,,,
,,,,,,,,
,,,,,,,,
,,,,,,,,
,,,,,,,,
,,,,,,,,
,,,,,,,,
,,,,,,,,
,,,,,,,,
,,,,,,,,
,,,,,,,,
,,,,,,,,
,,,,,,,,
,,,,,,,,
,,,,,,,,
,,,,,,,,
,,,,,,,,
,,,,,,,,
,,,,,,,,
,,,,,,,,
,,,,,,,,
,,,,,,,,
,,,,,,,,
,,,,,,,,
,,,,,,,,
,,,,,,,,
,,,,,,,,
,,,,,,,,
,,,,,,,,
,,,,,,,,
,,,,,,,,
,,,,,,,,
,,,,,,,,
,,,,,,,,
,,,,,,,,
,,,,,,,,
,,,,,,,,
,,,,,,,,
,,,,,,,,
,,,,,,,,
,,,,,,,,
,,,,,,,,
,,,,,,,,
,,,,,,,,
,,,,,,,,
,,,,,,,,
,,,,,,,,
,,,,,,,,
,,,,,,,,
,,,,,,,,
,,,,,,,,
,,,,,,,,
,,,,,,,,
,,,,,,,,
,,,,,,,,
,,,,,,,,
,,,,,,,,
,,,,,,,,
,,,,,,,,
,,,,,,,,
,,,,,,,,
,,,,,,,,
,,,,,,,,
,,,,,,,,
,,,,,,,,
,,,,,,,,
,,,,,,,,
,,,,,,,,
,,,,,,,,
,,,,,,,,
,,,,,,,,
,,,,,,,,
,,,,,,,,
,,,,,,,,
,,,,,,,,
,,,,,,,,
,,,,,,,,
,,,,,,,,
,,,,,,,,
,,,,,,,,
,,,,,,,,
,,,,,,,,
,,,,,,,,
,,,,,,,,
,,,,,,,,
,,,,,,,,
,,,,,,,,
,,,,,,,,
,,,,,,,,
,,,,,,,,
,,,,,,,,
,,,,,,,,
,,,,,,,,
,,,,,,,,
,,,,,,,,
,,,,,,,,
,,,,,,,,
,,,,,,,,
,,,,,,,,
,,,,,,,,
,,,,,,,,
,,,,,,,,
,,,,,,,,
,,,,,,,,
,,,,,,,,
,,,,,,,,
,,,,,,,,
,,,,,,,,
,,,,,,,,
,,,,,,,,
,,,,,,,,
,,,,,,,,
,,,,,,,,
,,,,,,,,
,,,,,,,,
,,,,,,,,
,,,,,,,,
,,,,,,,,
,,,,,,,,
,,,,,,,,
,,,,,,,,
,,,,,,,,
,,,,,,,,
,,,,,,,,
,,,,,,,,
,,,,,,,,
,,,,,,,,
,,,,,,,,
,,,,,,,,
,,,,,,,,
,,,,,,,,
,,,,,,,,
,,,,,,,,
,,,,,,,,
,,,,,,,,
,,,,,,,,
,,,,,,,,
,,,,,,,,
,,,,,,,,
,,,,,,,,
,,,,,,,,
,,,,,,,,
,,,,,,,,
,,,,,,,,
,,,,,,,,
,,,,,,,,
,,,,,,,,
,,,,,,,,
,,,,,,,,
,,,,,,,,
,,,,,,,,
,,,,,,,,
,,,,,,,,
,,,,,,,,
,,,,,,,,
,,,,,,,,
,,,,,,,,
,,,,,,,,
,,,,,,,,
,,,,,,,,
,,,,,,,,
,,,,,,,,
,,,,,,,,
,,,,,,,,
,,,,,,,,
,,,,,,,,
,,,,,,,,
,,,,,,,,
,,,,,,,,
,,,,,,,,
,,,,,,,,
,,,,,,,,
,,,,,,,,
,,,,,,,,
,,,,,,,,
,,,,,,,,
,,,,,,,,
,,,,,,,,
,,,,,,,,
,,,,,,,,
,,,,,,,,
,,,,,,,,
,,,,,,,,
,,,,,,,,
,,,,,,,,
,,,,,,,,
,,,,,,,,
,,,,,,,,
,,,,,,,,
,,,,,,,,
,,,,,,,,
,,,,,,,,
,,,,,,,,
,,,,,,,,
,,,,,,,,
,,,,,,,,
,,,,,,,,
,,,,,,,,
,,,,,,,,
,,,,,,,,
,,,,,,,,
,,,,,,,,
,,,,,,,,
,,,,,,,,
,,,,,,,,
,,,,,,,,
,,,,,,,,
,,,,,,,,
,,,,,,,,
,,,,,,,,
,,,,,,,,
,,,,,,,,
,,,,,,,,
,,,,,,,,
,,,,,,,,
,,,,,,,,
,,,,,,,,
,,,,,,,,
,,,,,,,,
,,,,,,,,
,,,,,,,,
,,,,,,,,
,,,,,,,,
,,,,,,,,
,,,,,,,,
,,,,,,,,
,,,,,,,,
,,,,,,,,
,,,,,,,,
,,,,,,,,
,,,,,,,,
,,,,,,,,
,,,,,,,,
,,,,,,,,
,,,,,,,,
,,,,,,,,
,,,,,,,,
,,,,,,,,
,,,,,,,,
,,,,,,,,
,,,,,,,,
,,,,,,,,
,,,,,,,,
,,,,,,,,
,,,,,,,,
,,,,,,,,
,,,,,,,,
,,,,,,,,
,,,,,,,,
,,,,,,,,
,,,,,,,,
,,,,,,,,
,,,,,,,,
,,,,,,,,
,,,,,,,,
,,,,,,,,
,,,,,,,,
,,,,,,,,
,,,,,,,,
,,,,,,,,
,,,,,,,,
,,,,,,,,
,,,,,,,,
,,,,,,,,
,,,,,,,,
,,,,,,,,
,,,,,,,,
,,,,,,,,
,,,,,,,,
,,,,,,,,
,,,,,,,,
,,,,,,,,
,,,,,,,,
,,,,,,,,
,,,,,,,,
,,,,,,,,
,,,,,,,,
,,,,,,,,
,,,,,,,,
,,,,,,,,
,,,,,,,,
,,,,,,,,
,,,,,,,,
,,,,,,,,
,,,,,,,,
,,,,,,,,
,,,,,,,,
,,,,,,,,
,,,,,,,,
,,,,,,,,
,,,,,,,,
,,,,,,,,
,,,,,,,,
,,,,,,,,
,,,,,,,,
,,,,,,,,
,,,,,,,,
,,,,,,,,
,,,,,,,,
,,,,,,,,
,,,,,,,,
,,,,,,,,
,,,,,,,,
,,,,,,,,
,,,,,,,,
,,,,,,,,
,,,,,,,,
,,,,,,,,
,,,,,,,,
,,,,,,,,
,,,,,,,,
,,,,,,,,
,,,,,,,,
,,,,,,,,
,,,,,,,,
,,,,,,,,
,,,,,,,,
,,,,,,,,
,,,,,,,,
,,,,,,,,
,,,,,,,,
,,,,,,,,
,,,,,,,,
,,,,,,,,
,,,,,,,,
,,,,,,,,
,,,,,,,,
,,,,,,,,
,,,,,,,,
,,,,,,,,
,,,,,,,,
,,,,,,,,
,,,,,,,,
,,,,,,,,
,,,,,,,,
,,,,,,,,
,,,,,,,,
,,,,,,,,
,,,,,,,,
,,,,,,,,
,,,,,,,,
,,,,,,,,
,,,,,,,,
,,,,,,,,
,,,,,,,,
,,,,,,,,
,,,,,,,,
,,,,,,,,
,,,,,,,,
,,,,,,,,
,,,,,,,,
,,,,,,,,
,,,,,,,,
,,,,,,,,
,,,,,,,,
,,,,,,,,
,,,,,,,,
,,,,,,,,
,,,,,,,,
,,,,,,,,
,,,,,,,,
,,,,,,,,
,,,,,,,,
,,,,,,,,
,,,,,,,,
,,,,,,,,
,,,,,,,,
,,,,,,,,
,,,,,,,,
,,,,,,,,
,,,,,,,,
,,,,,,,,
,,,,,,,,
,,,,,,,,
,,,,,,,,
,,,,,,,,
,,,,,,,,
,,,,,,,,
,,,,,,,,
,,,,,,,,
,,,,,,,,
,,,,,,,,
,,,,,,,,
,,,,,,,,
,,,,,,,,
,,,,,,,,
,,,,,,,,
,,,,,,,,
,,,,,,,,
,,,,,,,,
,,,,,,,,
,,,,,,,,
,,,,,,,,
,,,,,,,,
,,,,,,,,
,,,,,,,,
,,,,,,,,
,,,,,,,,
,,,,,,,,
,,,,,,,,
,,,,,,,,
,,,,,,,,
,,,,,,,,
,,,,,,,,
,,,,,,,,
,,,,,,,,
,,,,,,,,
,,,,,,,,
,,,,,,,,
,,,,,,,,
,,,,,,,,
,,,,,,,,
,,,,,,,,
,,,,,,,,
,,,,,,,,
,,,,,,,,
,,,,,,,,
,,,,,,,,
,,,,,,,,
,,,,,,,,
,,,,,,,,
,,,,,,,,
,,,,,,,,
,,,,,,,,
,,,,,,,,
,,,,,,,,
,,,,,,,,
,,,,,,,,
,,,,,,,,
,,,,,,,,
,,,,,,,,
,,,,,,,,
,,,,,,,,
,,,,,,,,
,,,,,,,,
,,,,,,,,
,,,,,,,,
,,,,,,,,
,,,,,,,,
,,,,,,,,
,,,,,,,,
,,,,,,,,
,,,,,,,,
,,,,,,,,
,,,,,,,,
,,,,,,,,
,,,,,,,,
,,,,,,,,
,,,,,,,,
,,,,,,,,
,,,,,,,,
,,,,,,,,
,,,,,,,,
,,,,,,,,
,,,,,,,,
,,,,,,,,
,,,,,,,,
,,,,,,,,
,,,,,,,,
,,,,,,,,
,,,,,,,,
,,,,,,,,
,,,,,,,,
,,,,,,,,
,,,,,,,,
,,,,,,,,
,,,,,,,,
,,,,,,,,
,,,,,,,,
,,,,,,,,
,,,,,,,,
,,,,,,,,
,,,,,,,,
,,,,,,,,
,,,,,,,,
,,,,,,,,
,,,,,,,,
,,,,,,,,
,,,,,,,,
,,,,,,,,
,,,,,,,,
,,,,,,,,
,,,,,,,,
,,,,,,,,
,,,,,,,,
,,,,,,,,
,,,,,,,,
,,,,,,,,
,,,,,,,,
,,,,,,,,
,,,,,,,,
,,,,,,,,
,,,,,,,,
,,,,,,,,
,,,,,,,,
,,,,,,,,
,,,,,,,,
,,,,,,,,
,,,,,,,,
,,,,,,,,
,,,,,,,,
,,,,,,,,
,,,,,,,,
,,,,,,,,
,,,,,,,,
,,,,,,,,
,,,,,,,,
,,,,,,,,
,,,,,,,,
,,,,,,,,
,,,,,,,,
,,,,,,,,
,,,,,,,,
,,,,,,,,
,,,,,,,,
,,,,,,,,
,,,,,,,,
,,,,,,,,
,,,,,,,,
,,,,,,,,
,,,,,,,,
,,,,,,,,
,,,,,,,,
,,,,,,,,
,,,,,,,,
,,,,,,,,
,,,,,,,,
,,,,,,,,
,,,,,,,,
,,,,,,,,
,,,,,,,,
,,,,,,,,
,,,,,,,,
,,,,,,,,
,,,,,,,,
,,,,,,,,
,,,,,,,,
,,,,,,,,
,,,,,,,,
,,,,,,,,
,,,,,,,,
,,,,,,,,
,,,,,,,,
,,,,,,,,
,,,,,,,,
,,,,,,,,
,,,,,,,,
,,,,,,,,
,,,,,,,,
,,,,,,,,
,,,,,,,,
,,,,,,,,
,,,,,,,,
,,,,,,,,
,,,,,,,,
,,,,,,,,
,,,,,,,,
,,,,,,,,
,,,,,,,,
,,,,,,,,
,,,,,,,,
,,,,,,,,
,,,,,,,,
,,,,,,,,
,,,,,,,,
,,,,,,,,
,,,,,,,,
,,,,,,,,
,,,,,,,,
,,,,,,,,
,,,,,,,,
,,,,,,,,
,,,,,,,,
,,,,,,,,
,,,,,,,,
,,,,,,,,
,,,,,,,,
,,,,,,,,
,,,,,,,,
,,,,,,,,
,,,,,,,,
,,,,,,,,
,,,,,,,,
,,,,,,,,
,,,,,,,,
,,,,,,,,
,,,,,,,,
,,,,,,,,
,,,,,,,,
,,,,,,,,
,,,,,,,,
,,,,,,,,
,,,,,,,,
,,,,,,,,
,,,,,,,,
,,,,,,,,
,,,,,,,,
,,,,,,,,
,,,,,,,,
,,,,,,,,
,,,,,,,,
,,,,,,,,
,,,,,,,,
,,,,,,,,
,,,,,,,,
,,,,,,,,
,,,,,,,,
,,,,,,,,
,,,,,,,,
,,,,,,,,
,,,,,,,,
,,,,,,,,
,,,,,,,,
,,,,,,,,
,,,,,,,,
,,,,,,,,
,,,,,,,,
,,,,,,,,
,,,,,,,,
,,,,,,,,
,,,,,,,,
,,,,,,,,
,,,,,,,,
,,,,,,,,
,,,,,,,,
,,,,,,,,
,,,,,,,,
,,,,,,,,
,,,,,,,,
,,,,,,,,
,,,,,,,,
,,,,,,,,
,,,,,,,,
,,,,,,,,
,,,,,,,,
,,,,,,,,
,,,,,,,,
,,,,,,,,
,,,,,,,,
,,,,,,,,
,,,,,,,,
,,,,,,,,
,,,,,,,,
,,,,,,,,
,,,,,,,,
,,,,,,,,
,,,,,,,,
,,,,,,,,
,,,,,,,,
,,,,,,,,
,,,,,,,,
,,,,,,,,
,,,,,,,,
,,,,,,,,
,,,,,,,,
,,,,,,,,
,,,,,,,,
,,,,,,,,
,,,,,,,,
,,,,,,,,
,,,,,,,,
,,,,,,,,
,,,,,,,,
,,,,,,,,
,,,,,,,,
,,,,,,,,
,,,,,,,,
,,,,,,,,
,,,,,,,,
,,,,,,,,
,,,,,,,,
,,,,,,,,
,,,,,,,,
,,,,,,,,
,,,,,,,,
,,,,,,,,
,,,,,,,,
,,,,,,,,
,,,,,,,,
,,,,,,,,
,,,,,,,,
,,,,,,,,
,,,,,,,,
,,,,,,,,
,,,,,,,,
,,,,,,,,
,,,,,,,,
,,,,,,,,
,,,,,,,,
,,,,,,,,
,,,,,,,,
,,,,,,,,
,,,,,,,,
,,,,,,,,
,,,,,,,,
,,,,,,,,
,,,,,,,,
,,,,,,,,
,,,,,,,,
,,,,,,,,
,,,,,,,,
,,,,,,,,
,,,,,,,,
,,,,,,,,
,,,,,,,,
,,,,,,,,
,,,,,,,,
,,,,,,,,
,,,,,,,,
,,,,,,,,
,,,,,,,,
,,,,,,,,
,,,,,,,,
,,,,,,,,
,,,,,,,,
,,,,,,,,
,,,,,,,,
,,,,,,,,
,,,,,,,,
,,,,,,,,
,,,,,,,,
,,,,,,,,
,,,,,,,,
,,,,,,,,
,,,,,,,,
,,,,,,,,
,,,,,,,,
,,,,,,,,
,,,,,,,,
,,,,,,,,
,,,,,,,,
,,,,,,,,
,,,,,,,,
,,,,,,,,
,,,,,,,,
,,,,,,,,
,,,,,,,,
,,,,,,,,
,,,,,,,,
,,,,,,,,
,,,,,,,,
,,,,,,,,
,,,,,,,,
,,,,,,,,
,,,,,,,,
,,,,,,,,
,,,,,,,,
,,,,,,,,
,,,,,,,,
,,,,,,,,
,,,,,,,,
,,,,,,,,
,,,,,,,,
,,,,,,,,
,,,,,,,,
,,,,,,,,
,,,,,,,,
,,,,,,,,
,,,,,,,,
,,,,,,,,
,,,,,,,,
,,,,,,,,
,,,,,,,,
,,,,,,,,
,,,,,,,,
,,,,,,,,
,,,,,,,,
,,,,,,,,
,,,,,,,,
,,,,,,,,
,,,,,,,,
,,,,,,,,
,,,,,,,,
,,,,,,,,
,,,,,,,,
,,,,,,,,
,,,,,,,,
,,,,,,,,
,,,,,,,,
,,,,,,,,
,,,,,,,,
,,,,,,,,
,,,,,,,,
,,,,,,,,
,,,,,,,,
,,,,,,,,
,,,,,,,,
,,,,,,,,
,,,,,,,,
,,,,,,,,
,,,,,,,,
,,,,,,,,
,,,,,,,,
,,,,,,,,
,,,,,,,,
,,,,,,,,
,,,,,,,,
,,,,,,,,
,,,,,,,,
,,,,,,,,
,,,,,,,,
,,,,,,,,
,,,,,,,,
,,,,,,,,
,,,,,,,,
,,,,,,,,
,,,,,,,,
,,,,,,,,
,,,,,,,,
,,,,,,,,
,,,,,,,,
,,,,,,,,
,,,,,,,,
,,,,,,,,
,,,,,,,,
,,,,,,,,
,,,,,,,,
,,,,,,,,
,,,,,,,,
,,,,,,,,
,,,,,,,,
,,,,,,,,
,,,,,,,,
,,,,,,,,
,,,,,,,,
,,,,,,,,
,,,,,,,,
,,,,,,,,
,,,,,,,,
,,,,,,,,
,,,,,,,,
,,,,,,,,
,,,,,,,,
,,,,,,,,
,,,,,,,,
,,,,,,,,
,,,,,,,,
,,,,,,,,
,,,,,,,,
,,,,,,,,
,,,,,,,,
,,,,,,,,
,,,,,,,,
,,,,,,,,
,,,,,,,,
,,,,,,,,
,,,,,,,,
,,,,,,,,
,,,,,,,,
,,,,,,,,
,,,,,,,,
,,,,,,,,
,,,,,,,,
,,,,,,,,
,,,,,,,,
,,,,,,,,
,,,,,,,,
,,,,,,,,
,,,,,,,,
,,,,,,,,
,,,,,,,,
,,,,,,,,
,,,,,,,,
,,,,,,,,
,,,,,,,,
,,,,,,,,
,,,,,,,,
,,,,,,,,
,,,,,,,,
,,,,,,,,
,,,,,,,,
,,,,,,,,
,,,,,,,,
,,,,,,,,
,,,,,,,,
,,,,,,,,
,,,,,,,,
,,,,,,,,
,,,,,,,,
,,,,,,,,
,,,,,,,,
,,,,,,,,
,,,,,,,,
,,,,,,,,
,,,,,,,,
,,,,,,,,
,,,,,,,,
,,,,,,,,
,,,,,,,,
,,,,,,,,
,,,,,,,,
,,,,,,,,
,,,,,,,,
,,,,,,,,
,,,,,,,,
,,,,,,,,
,,,,,,,,
,,,,,,,,
,,,,,,,,
,,,,,,,,
,,,,,,,,
,,,,,,,,
,,,,,,,,
,,,,,,,,
,,,,,,,,
,,,,,,,,
,,,,,,,,
,,,,,,,,
,,,,,,,,
,,,,,,,,
,,,,,,,,
,,,,,,,,
,,,,,,,,
,,,,,,,,
,,,,,,,,
,,,,,,,,
,,,,,,,,
,,,,,,,,
,,,,,,,,
,,,,,,,,
,,,,,,,,
,,,,,,,,
,,,,,,,,
,,,,,,,,
,,,,,,,,
,,,,,,,,
,,,,,,,,
,,,,,,,,
,,,,,,,,
,,,,,,,,
,,,,,,,,
,,,,,,,,
,,,,,,,,
,,,,,,,,
,,,,,,,,
,,,,,,,,
,,,,,,,,
,,,,,,,,
,,,,,,,,
,,,,,,,,
,,,,,,,,
,,,,,,,,
,,,,,,,,
,,,,,,,,
,,,,,,,,
,,,,,,,,
,,,,,,,,
,,,,,,,,
,,,,,,,,
,,,,,,,,
,,,,,,,,
,,,,,,,,
,,,,,,,,
,,,,,,,,
,,,,,,,,
,,,,,,,,
,,,,,,,,
,,,,,,,,
,,,,,,,,
,,,,,,,,
,,,,,,,,
,,,,,,,,
,,,,,,,,
,,,,,,,,
,,,,,,,,
,,,,,,,,
,,,,,,,,
,,,,,,,,
,,,,,,,,
,,,,,,,,
,,,,,,,,
,,,,,,,,
,,,,,,,,
,,,,,,,,
,,,,,,,,
,,,,,,,,
,,,,,,,,
,,,,,,,,
,,,,,,,,
,,,,,,,,
,,,,,,,,
,,,,,,,,
,,,,,,,,
,,,,,,,,
,,,,,,,,
,,,,,,,,
,,,,,,,,
,,,,,,,,
,,,,,,,,
,,,,,,,,
,,,,,,,,
,,,,,,,,
,,,,,,,,
,,,,,,,,
,,,,,,,,
,,,,,,,,
,,,,,,,,
,,,,,,,,
,,,,,,,,
,,,,,,,,
,,,,,,,,
,,,,,,,,
,,,,,,,,
,,,,,,,,
,,,,,,,,
,,,,,,,,
,,,,,,,,
,,,,,,,,
,,,,,,,,
,,,,,,,,
,,,,,,,,
,,,,,,,,
,,,,,,,,
,,,,,,,,
,,,,,,,,
,,,,,,,,
,,,,,,,,
,,,,,,,,
,,,,,,,,
,,,,,,,,
,,,,,,,,
,,,,,,,,
,,,,,,,,
,,,,,,,,
,,,,,,,,
,,,,,,,,
,,,,,,,,
,,,,,,,,
,,,,,,,,
,,,,,,,,
,,,,,,,,
,,,,,,,,
,,,,,,,,
,,,,,,,,
,,,,,,,,
,,,,,,,,
,,,,,,,,
,,,,,,,,
,,,,,,,,
,,,,,,,,
,,,,,,,,
,,,,,,,,
,,,,,,,,
,,,,,,,,
,,,,,,,,
,,,,,,,,
,,,,,,,,
,,,,,,,,
,,,,,,,,
,,,,,,,,
,,,,,,,,
,,,,,,,,
,,,,,,,,
,,,,,,,,
,,,,,,,,
,,,,,,,,
,,,,,,,,
,,,,,,,,
,,,,,,,,
,,,,,,,,
,,,,,,,,
,,,,,,,,
,,,,,,,,
,,,,,,,,
,,,,,,,,
,,,,,,,,
,,,,,,,,
,,,,,,,,
,,,,,,,,
,,,,,,,,
,,,,,,,,
,,,,,,,,
,,,,,,,,
,,,,,,,,
,,,,,,,,
,,,,,,,,
,,,,,,,,
,,,,,,,,
,,,,,,,,
,,,,,,,,
,,,,,,,,
,,,,,,,,
,,,,,,,,
,,,,,,,,
,,,,,,,,
,,,,,,,,
,,,,,,,,
,,,,,,,,
,,,,,,,,
,,,,,,,,
,,,,,,,,
,,,,,,,,
,,,,,,,,
,,,,,,,,
,,,,,,,,
,,,,,,,,
,,,,,,,,
,,,,,,,,
,,,,,,,,
,,,,,,,,
,,,,,,,,
,,,,,,,,
,,,,,,,,
,,,,,,,,
,,,,,,,,
,,,,,,,,
,,,,,,,,
,,,,,,,,
,,,,,,,,
,,,,,,,,
,,,,,,,,
,,,,,,,,
,,,,,,,,
,,,,,,,,
,,,,,,,,
,,,,,,,,
,,,,,,,,
,,,,,,,,
,,,,,,,,
,,,,,,,,
,,,,,,,,
,,,,,,,,
,,,,,,,,
,,,,,,,,
,,,,,,,,
,,,,,,,,
,,,,,,,,
,,,,,,,,
,,,,,,,,
,,,,,,,,
,,,,,,,,
,,,,,,,,
,,,,,,,,
,,,,,,,,
,,,,,,,,
,,,,,,,,
,,,,,,,,
,,,,,,,,
,,,,,,,,
,,,,,,,,
,,,,,,,,
,,,,,,,,
,,,,,,,,
,,,,,,,,
,,,,,,,,
,,,,,,,,
,,,,,,,,
,,,,,,,,
,,,,,,,,
,,,,,,,,
,,,,,,,,
,,,,,,,,
,,,,,,,,
,,,,,,,,
,,,,,,,,
,,,,,,,,
,,,,,,,,
,,,,,,,,
,,,,,,,,
,,,,,,,,
,,,,,,,,
,,,,,,,,
,,,,,,,,
,,,,,,,,
,,,,,,,,
,,,,,,,,
,,,,,,,,
,,,,,,,,
,,,,,,,,
,,,,,,,,
,,,,,,,,
,,,,,,,,
,,,,,,,,
,,,,,,,,
,,,,,,,,
,,,,,,,,
,,,,,,,,
,,,,,,,,
,,,,,,,,
,,,,,,,,
,,,,,,,,
,,,,,,,,
,,,,,,,,
,,,,,,,,
,,,,,,,,
,,,,,,,,
,,,,,,,,
,,,,,,,,
,,,,,,,,
,,,,,,,,
,,,,,,,,
,,,,,,,,
,,,,,,,,
,,,,,,,,
,,,,,,,,
,,,,,,,,
,,,,,,,,
,,,,,,,,
,,,,,,,,
,,,,,,,,
,,,,,,,,
,,,,,,,,
,,,,,,,,
,,,,,,,,
,,,,,,,,
,,,,,,,,
,,,,,,,,
,,,,,,,,
,,,,,,,,
,,,,,,,,
,,,,,,,,
,,,,,,,,
,,,,,,,,
,,,,,,,,
,,,,,,,,
,,,,,,,,
,,,,,,,,
,,,,,,,,
,,,,,,,,
,,,,,,,,
,,,,,,,,
,,,,,,,,
,,,,,,,,
,,,,,,,Created_by_Nidula_Elgiriyewithana,
